state,district,favored,confidence,redistricting_voter_power,anti_gerrymandering_party,abs_power
TX,TX-HD-112,FALSE,Toss-Up,0.000165853,D,0.000165853
TX,TX-HD-26,R,Tilt,0.000154938,D,0.000154938
TX,TX-HD-66,FALSE,Toss-Up,0.000151342,D,0.000151342
TX,TX-HD-67,FALSE,Toss-Up,0.000144751,D,0.000144751
TX,TX-HD-96,FALSE,Toss-Up,0.000144103,D,0.000144103
TX,TX-HD-92,R,Tilt,0.000140739,D,0.000140739
TX,TX-HD-54,R,Lean,0.00013885,D,0.00013885
TX,TX-HD-134,R,Tilt,0.000127498,D,0.000127498
TX,TX-HD-121,R,Lean,0.000127296,D,0.000127296
TX,TX-HD-108,FALSE,Toss-Up,0.000126672,D,0.000126672
TX,TX-HD-126,R,Likely,0.000118678,D,0.000118678
TX,TX-HD-138,D,Tilt,9.45E-05,D,9.4521E-05
KS,KS-HD-98,FALSE,Toss-Up,9.24E-05,D,9.23879E-05
KS,KS-HD-48,FALSE,Toss-Up,9.23E-05,D,9.22861E-05
TX,TX-HD-132,FALSE,Toss-Up,9.21E-05,D,9.2091E-05
KS,KS-HD-72,D,Tilt,8.80E-05,D,8.79532E-05
TX,TX-HD-97,R,Likely,8.30E-05,D,8.29886E-05
MN,MN-SD-14,FALSE,Toss-Up,-8.29E-05,R,8.28774E-05
MN,MN-SD-58,FALSE,Toss-Up,-8.27E-05,R,8.27173E-05
KS,KS-HD-40,FALSE,Toss-Up,8.14E-05,D,8.13645E-05
KS,KS-HD-15,R,Tilt,8.10E-05,D,8.09921E-05
KS,KS-HD-14,FALSE,Toss-Up,8.01E-05,D,8.00743E-05
TX,TX-HD-93,R,Likely,7.96E-05,D,7.95861E-05
KS,KS-HD-102,D,Tilt,7.82E-05,D,7.8193E-05
MN,MN-SD-05,R,Tilt,-7.33E-05,R,7.33043E-05
MN,MN-SD-56,FALSE,Toss-Up,-7.30E-05,R,7.29785E-05
TX,TX-HD-85,R,Likely,6.94E-05,D,6.94052E-05
KS,KS-HD-17,FALSE,Toss-Up,6.89E-05,D,6.8905E-05
TX,TX-HD-64,R,Likely,6.52E-05,D,6.51574E-05
MN,MN-SD-54,D,Lean,-6.38E-05,R,6.37697E-05
KS,KS-HD-18,D,Lean,6.07E-05,D,6.07089E-05
TX,TX-HD-28,R,Likely,6.05E-05,D,6.05292E-05
MN,MN-SD-20,R,Lean,-6.02E-05,R,6.01585E-05
KS,KS-HD-96,D,Lean,5.76E-05,D,5.76071E-05
KS,KS-HD-16,D,Likely,5.45E-05,D,5.45034E-05
FL,FL-HD-120,R,Lean,5.42E-05,D,5.41981E-05
KS,KS-HD-2,R,Lean,5.28E-05,D,5.27513E-05
KS,KS-HD-23,D,Likely,5.27E-05,D,5.266E-05
KS,KS-HD-3,D,Lean,5.22E-05,D,5.21997E-05
MN,MN-SD-26,R,Tilt,-5.19E-05,R,5.18531E-05
KS,KS-HD-79,R,Lean,5.04E-05,D,5.04359E-05
KS,KS-HD-41,D,Lean,5.03E-05,D,5.03442E-05
CT,CT-HD-119,R,Lean,-5.01E-05,R,5.00591E-05
CT,CT-HD-90,R,Lean,-5.00E-05,R,4.99568E-05
TX,TX-HD-94,R,Likely,4.98E-05,D,4.97833E-05
CT,CT-HD-34,R,Lean,-4.95E-05,R,4.95198E-05
CT,CT-HD-74,R,Lean,-4.91E-05,R,4.91089E-05
KS,KS-HD-49,R,Lean,4.84E-05,D,4.84196E-05
TX,TX-HD-65,D,Lean,4.79E-05,D,4.79371E-05
CT,CT-HD-51,R,Lean,-4.78E-05,R,4.77734E-05
CT,CT-HD-37,R,Tilt,-4.78E-05,R,4.77587E-05
FL,FL-HD-83,R,Lean,4.75E-05,D,4.74745E-05
NC,NC-HD-45,FALSE,Toss-Up,4.69E-05,D,4.68575E-05
KS,KS-HD-39,R,Lean,4.68E-05,D,4.68033E-05
CT,CT-HD-99,R,Tilt,-4.67E-05,R,4.66955E-05
CT,CT-HD-38,R,Tilt,-4.66E-05,R,4.66392E-05
FL,FL-HD-15,R,Tilt,4.65E-05,D,4.65373E-05
TX,TX-HD-135,D,Lean,4.61E-05,D,4.61271E-05
FL,FL-HD-93,R,Tilt,4.60E-05,D,4.59734E-05
NC,NC-HD-74,FALSE,Toss-Up,4.55E-05,D,4.55209E-05
FL,FL-HD-60,R,Tilt,4.47E-05,D,4.46687E-05
FL,FL-HD-28,R,Tilt,4.42E-05,D,4.42393E-05
NC,NC-HD-59,FALSE,Toss-Up,4.39E-05,D,4.38799E-05
CT,CT-HD-23,R,Lean,-4.37E-05,R,4.37433E-05
FL,FL-HD-29,R,Tilt,4.37E-05,D,4.37332E-05
NC,NC-HD-82,FALSE,Toss-Up,4.35E-05,D,4.34807E-05
TX,TX-HD-45,D,Lean,4.32E-05,D,4.32254E-05
TX,TX-HD-32,R,Likely,4.32E-05,D,4.32043E-05
CT,CT-HD-30,FALSE,Toss-Up,-4.32E-05,R,4.3162E-05
FL,FL-HD-21,FALSE,Toss-Up,4.28E-05,D,4.28449E-05
FL,FL-HD-58,R,Likely,4.26E-05,D,4.26477E-05
NC,NC-HD-83,R,Tilt,4.26E-05,D,4.26028E-05
FL,FL-HD-42,R,Lean,4.22E-05,D,4.22246E-05
FL,FL-HD-115,FALSE,Toss-Up,4.22E-05,D,4.22064E-05
CT,CT-HD-106,FALSE,Toss-Up,-4.16E-05,R,4.16255E-05
KS,KS-HD-111,R,Lean,4.16E-05,D,4.15536E-05
MN,MN-SD-48,D,Likely,-4.14E-05,R,4.13792E-05
FL,FL-HD-89,FALSE,Toss-Up,4.07E-05,D,4.07103E-05
FL,FL-HD-119,R,Likely,4.06E-05,D,4.05782E-05
CT,CT-HD-14,R,Likely,-3.99E-05,R,3.98881E-05
TX,TX-HD-47,D,Lean,3.99E-05,D,3.98607E-05
CT,CT-HD-151,R,Likely,-3.95E-05,R,3.94965E-05
KS,KS-HD-26,R,Lean,3.94E-05,D,3.94306E-05
FL,FL-HD-72,FALSE,Toss-Up,3.86E-05,D,3.85998E-05
CT,CT-HD-77,D,Tilt,-3.81E-05,R,3.80555E-05
CT,CT-HD-59,R,Likely,-3.72E-05,R,3.71948E-05
KS,KS-HD-69,R,Tilt,3.72E-05,D,3.7162E-05
CT,CT-HD-35,R,Likely,-3.71E-05,R,3.70939E-05
NC,NC-HD-63,D,Tilt,3.71E-05,D,3.70929E-05
TX,TX-HD-113,D,Lean,3.68E-05,D,3.68446E-05
CT,CT-HD-132,R,Likely,-3.68E-05,R,3.68437E-05
MN,MN-SD-37,D,Likely,-3.68E-05,R,3.6817E-05
CT,CT-HD-103,FALSE,Toss-Up,-3.68E-05,R,3.67777E-05
FL,FL-HD-85,R,Likely,3.68E-05,D,3.67632E-05
NC,NC-HD-20,R,Tilt,3.67E-05,D,3.67272E-05
KS,KS-HD-56,D,Likely,3.62E-05,D,3.61969E-05
NC,NC-HD-43,D,Tilt,3.59E-05,D,3.59138E-05
KS,KS-HD-85,R,Lean,3.59E-05,D,3.58685E-05
NC,NC-HD-9,D,Tilt,3.58E-05,D,3.58244E-05
CT,CT-HD-143,D,Tilt,-3.55E-05,R,3.5533E-05
CT,CT-HD-55,R,Likely,-3.49E-05,R,3.49343E-05
CT,CT-HD-125,R,Likely,-3.48E-05,R,3.48342E-05
CT,CT-HD-17,FALSE,Toss-Up,-3.48E-05,R,3.48102E-05
FL,FL-HD-27,R,Likely,3.47E-05,D,3.46859E-05
FL,FL-HD-105,FALSE,Toss-Up,3.47E-05,D,3.46654E-05
MN,MN-SD-27,D,Lean,-3.46E-05,R,3.45568E-05
FL,FL-HD-118,FALSE,Toss-Up,3.44E-05,D,3.44472E-05
CT,CT-HD-64,FALSE,Toss-Up,-3.43E-05,R,3.43186E-05
NC,NC-HD-98,D,Tilt,3.42E-05,D,3.41589E-05
FL,FL-HD-50,R,Likely,3.38E-05,D,3.37781E-05
FL,FL-HD-57,R,Likely,3.36E-05,D,3.35934E-05
CT,CT-HD-120,FALSE,Toss-Up,-3.36E-05,R,3.35822E-05
CT,CT-HD-111,FALSE,Toss-Up,-3.33E-05,R,3.32946E-05
KS,KS-HD-30,D,Likely,3.29E-05,D,3.29054E-05
FL,FL-HD-59,FALSE,Toss-Up,3.27E-05,D,3.27192E-05
CT,CT-HD-117,R,Likely,-3.23E-05,R,3.22796E-05
MN,MN-SD-11,R,Likely,-3.21E-05,R,3.20829E-05
CT,CT-HD-101,FALSE,Toss-Up,-3.18E-05,R,3.18373E-05
KS,KS-HD-87,R,Tilt,3.13E-05,D,3.13337E-05
KS,KS-HD-28,R,Lean,3.13E-05,D,3.12536E-05
NC,NC-HD-37,D,Tilt,3.13E-05,D,3.12532E-05
TX,TX-HD-89,R,Safe,3.07E-05,D,3.07493E-05
PA,PA-SD-13,R,Likely,-2.99E-05,R,2.98681E-05
TX,TX-HD-102,D,Likely,2.95E-05,D,2.95434E-05
MN,MN-SD-53,D,Likely,-2.93E-05,R,2.92748E-05
TX,TX-HD-23,R,Safe,2.92E-05,D,2.91771E-05
MN,MN-SD-57,D,Likely,-2.90E-05,R,2.90133E-05
NC,NC-HD-1,R,Lean,2.89E-05,D,2.8905E-05
NC,NC-HD-66,R,Lean,2.87E-05,D,2.87038E-05
CT,CT-HD-32,R,Likely,-2.84E-05,R,2.84302E-05
KS,KS-HD-119,R,Lean,2.84E-05,D,2.84058E-05
NC,NC-HD-51,R,Lean,2.80E-05,D,2.79866E-05
FL,FL-HD-32,R,Likely,2.78E-05,D,2.7819E-05
TX,TX-HD-52,D,Likely,2.78E-05,D,2.77614E-05
TX,TX-HD-106,R,Safe,2.61E-05,D,2.60931E-05
FL,FL-HD-26,FALSE,Toss-Up,2.60E-05,D,2.59809E-05
CT,CT-HD-31,D,Tilt,-2.59E-05,R,2.59302E-05
MN,MN-SD-38,R,Lean,-2.48E-05,R,2.47905E-05
CT,CT-HD-36,D,Tilt,-2.46E-05,R,2.45996E-05
TX,TX-HD-150,R,Safe,2.38E-05,D,2.38011E-05
MN,MN-SD-44,D,Likely,-2.24E-05,R,2.23955E-05
NC,NC-HD-24,D,Lean,2.20E-05,D,2.20139E-05
NC,NC-HD-25,D,Lean,2.19E-05,D,2.1882E-05
PA,PA-SD-49,FALSE,Toss-Up,-2.12E-05,R,2.1181E-05
NC,NC-HD-119,D,Lean,2.10E-05,D,2.10226E-05
CT,CT-HD-83,D,Tilt,-2.08E-05,R,2.08307E-05
CT,CT-HD-150,D,Lean,-2.02E-05,R,2.02445E-05
MN,MN-SD-21,R,Likely,-2.00E-05,R,2.00226E-05
NC,NC-HD-93,D,Lean,1.98E-05,D,1.98047E-05
MN,MN-SD-04,D,Likely,-1.96E-05,R,1.95844E-05
FL,FL-HD-84,D,Tilt,1.96E-05,D,1.95539E-05
CT,CT-HD-65,D,Lean,-1.95E-05,R,1.94757E-05
PA,PA-SD-15,FALSE,Toss-Up,-1.82E-05,R,1.81964E-05
FL,FL-HD-110,R,Safe,1.82E-05,D,1.81593E-05
KS,KS-HD-86,D,Safe,1.81E-05,D,1.81025E-05
NC,NC-HD-35,D,Lean,1.80E-05,D,1.80267E-05
CT,CT-HD-60,D,Tilt,-1.79E-05,R,1.79305E-05
CT,CT-HD-138,D,Lean,-1.76E-05,R,1.76358E-05
KS,KS-HD-29,D,Safe,1.72E-05,D,1.72067E-05
KS,KS-HD-67,R,Likely,1.72E-05,D,1.71602E-05
CT,CT-HD-141,R,Likely,-1.71E-05,R,1.7087E-05
CT,CT-HD-149,R,Likely,-1.64E-05,R,1.64149E-05
TX,TX-HD-122,R,Safe,1.59E-05,D,1.59004E-05
NC,NC-HD-46,R,Likely,1.54E-05,D,1.54069E-05
NC,NC-HD-12,R,Likely,1.54E-05,D,1.54E-05
FL,FL-HD-116,R,Safe,1.52E-05,D,1.52483E-05
CT,CT-HD-53,D,Lean,-1.52E-05,R,1.52097E-05
FL,FL-HD-44,D,Lean,1.52E-05,D,1.51725E-05
FL,FL-SD-9,R,Lean,1.47E-05,D,1.47242E-05
KS,KS-HD-78,R,Likely,1.47E-05,D,1.47022E-05
FL,FL-SD-25,R,Likely,1.43E-05,D,1.42624E-05
NC,NC-HD-19,R,Likely,1.41E-05,D,1.40753E-05
FL,FL-HD-103,D,Lean,1.40E-05,D,1.404E-05
NC,NC-HD-118,R,Likely,1.39E-05,D,1.39039E-05
FL,FL-HD-114,D,Lean,1.37E-05,D,1.36888E-05
NC,NC-HD-6,R,Likely,1.36E-05,D,1.36211E-05
CT,CT-HD-27,D,Likely,-1.34E-05,R,1.34011E-05
FL,FL-HD-12,R,Safe,1.29E-05,D,1.29361E-05
CT,CT-HD-2,D,Lean,-1.25E-05,R,1.2483E-05
NC,NC-HD-113,R,Likely,1.25E-05,D,1.24523E-05
CT,CT-HD-123,R,Safe,-1.24E-05,R,1.23523E-05
CT,CT-HD-114,R,Safe,-1.21E-05,R,1.20513E-05
FL,FL-HD-64,R,Safe,1.20E-05,D,1.19736E-05
FL,FL-HD-2,R,Safe,1.20E-05,D,1.19717E-05
FL,FL-HD-40,R,Safe,1.19E-05,D,1.18727E-05
FL,FL-HD-67,R,Safe,1.19E-05,D,1.18719E-05
MN,MN-SD-25,R,Likely,-1.17E-05,R,1.16857E-05
CT,CT-HD-67,R,Safe,-1.17E-05,R,1.16516E-05
CT,CT-HD-107,R,Safe,-1.16E-05,R,1.16243E-05
FL,FL-HD-36,R,Safe,1.15E-05,D,1.15271E-05
CT,CT-HD-135,D,Lean,-1.15E-05,R,1.15009E-05
FL,FL-HD-41,R,Safe,1.15E-05,D,1.14638E-05
FL,FL-HD-69,D,Lean,1.13E-05,D,1.13499E-05
FL,FL-HD-66,R,Safe,1.13E-05,D,1.13478E-05
FL,FL-HD-79,R,Safe,1.12E-05,D,1.11888E-05
FL,FL-HD-53,R,Safe,1.12E-05,D,1.11602E-05
CT,CT-HD-66,R,Safe,-1.11E-05,R,1.1135E-05
FL,FL-HD-30,D,Lean,1.11E-05,D,1.11234E-05
CT,CT-HD-134,R,Safe,-1.11E-05,R,1.11084E-05
FL,FL-HD-78,R,Safe,1.11E-05,D,1.10858E-05
FL,FL-HD-16,R,Safe,1.11E-05,D,1.10586E-05
NC,NC-HD-105,D,Likely,1.10E-05,D,1.1015E-05
FL,FL-HD-51,R,Safe,1.10E-05,D,1.09699E-05
FL,FL-HD-65,R,Safe,1.08E-05,D,1.08405E-05
MN,MN-SD-33,R,Likely,-1.07E-05,R,1.0733E-05
MN,MN-SD-39,R,Likely,-1.07E-05,R,1.07158E-05
FL,FL-HD-39,R,Safe,1.07E-05,D,1.067E-05
NC,NC-HD-104,D,Likely,1.07E-05,D,1.06638E-05
CT,CT-HD-58,D,Lean,-1.06E-05,R,1.05948E-05
CT,CT-HD-62,R,Safe,-1.05E-05,R,1.05224E-05
NC,NC-HD-47,D,Likely,1.05E-05,D,1.0517E-05
MN,MN-SD-36,D,Safe,-1.05E-05,R,1.04867E-05
CT,CT-HD-45,R,Safe,-1.05E-05,R,1.04636E-05
FL,FL-HD-71,R,Safe,1.04E-05,D,1.04256E-05
CT,CT-HD-47,R,Safe,-1.04E-05,R,1.03901E-05
WI,WI-HD-74,D,Lean,1.04E-05,D,1.03851E-05
CT,CT-HD-81,R,Safe,-1.04E-05,R,1.03651E-05
MN,MN-SD-06,D,Safe,-1.03E-05,R,1.02811E-05
CT,CT-HD-42,R,Safe,-1.02E-05,R,1.02499E-05
MN,MN-SD-51,D,Safe,-1.02E-05,R,1.01667E-05
NC,NC-HD-21,D,Likely,1.02E-05,D,1.01583E-05
PA,PA-SD-9,D,Tilt,-1.00E-05,R,1.00319E-05
FL,FL-HD-111,R,Safe,9.88E-06,D,9.87962E-06
WI,WI-HD-14,D,Lean,9.80E-06,D,9.8028E-06
FL,FL-HD-74,R,Safe,9.79E-06,D,9.79276E-06
CT,CT-HD-69,R,Safe,-9.70E-06,R,9.7006E-06
TX,TX-HD-105,D,Safe,9.65E-06,D,9.64774E-06
FL,FL-HD-75,R,Safe,9.61E-06,D,9.61499E-06
MN,MN-SD-49,D,Safe,-9.57E-06,R,9.56777E-06
NC,NC-HD-36,D,Likely,9.54E-06,D,9.54072E-06
FL,FL-HD-25,R,Safe,9.53E-06,D,9.52637E-06
NC,NC-HD-103,D,Likely,9.51E-06,D,9.50797E-06
CT,CT-HD-61,R,Safe,-9.36E-06,R,9.36166E-06
MN,MN-SD-42,D,Safe,-9.32E-06,R,9.32404E-06
CT,CT-HD-21,D,Lean,-9.26E-06,R,9.26197E-06
MN,MN-SD-02,R,Safe,-9.13E-06,R,9.129E-06
KS,KS-SD-28,D,Tilt,9.09E-06,D,9.0873E-06
TX,TX-HD-107,D,Safe,8.99E-06,D,8.9906E-06
FL,FL-HD-37,R,Safe,8.88E-06,D,8.87689E-06
FL,FL-SD-39,FALSE,Toss-Up,8.83E-06,D,8.82688E-06
TX,TX-HD-114,D,Safe,8.61E-06,D,8.61438E-06
WI,WI-HD-94,D,Likely,8.56E-06,D,8.56155E-06
KS,KS-SD-18,D,Tilt,8.54E-06,D,8.54331E-06
PA,PA-HD-151,FALSE,Toss-Up,-8.51E-06,R,8.50963E-06
CT,CT-HD-139,D,Likely,-8.44E-06,R,8.44163E-06
MN,MN-SD-17,R,Safe,-8.31E-06,R,8.31075E-06
KS,KS-HD-20,R,Likely,8.30E-06,D,8.297E-06
PA,PA-HD-49,R,Lean,-8.27E-06,R,8.26823E-06
TX,TX-HD-91,R,Safe,8.22E-06,D,8.21626E-06
CT,CT-HD-79,D,Likely,-8.17E-06,R,8.16869E-06
TX,TX-HD-133,R,Safe,8.14E-06,D,8.13519E-06
FL,FL-HD-1,R,Safe,8.02E-06,D,8.01908E-06
KS,KS-HD-52,R,Likely,8.01E-06,D,8.0136E-06
TX,TX-HD-115,D,Safe,7.94E-06,D,7.93841E-06
PA,PA-HD-18,R,Tilt,-7.89E-06,R,7.89449E-06
MN,MN-SD-24,R,Safe,-7.89E-06,R,7.88512E-06
PA,PA-HD-168,FALSE,Toss-Up,-7.88E-06,R,7.87913E-06
PA,PA-HD-44,R,Lean,-7.86E-06,R,7.85977E-06
TX,TX-HD-68,R,Safe,7.83E-06,D,7.83093E-06
PA,PA-HD-30,R,Lean,-7.83E-06,R,7.82571E-06
TX,TX-HD-5,R,Safe,7.80E-06,D,7.80207E-06
PA,PA-HD-29,R,Tilt,-7.78E-06,R,7.77964E-06
MN,MN-SD-32,R,Safe,-7.77E-06,R,7.76923E-06
KS,KS-HD-32,D,Safe,7.69E-06,D,7.68596E-06
TX,TX-HD-117,D,Safe,7.62E-06,D,7.62332E-06
TX,TX-HD-17,R,Safe,7.59E-06,D,7.59228E-06
CT,CT-HD-122,R,Safe,-7.55E-06,R,7.54858E-06
MN,MN-SD-13,R,Safe,-7.52E-06,R,7.51812E-06
TX,TX-HD-57,R,Safe,7.52E-06,D,7.51634E-06
PA,PA-SD-35,R,Safe,-7.44E-06,R,7.43724E-06
TX,TX-HD-11,R,Safe,7.43E-06,D,7.43352E-06
KS,KS-SD-5,FALSE,Toss-Up,7.43E-06,D,7.42847E-06
KS,KS-SD-10,FALSE,Toss-Up,7.36E-06,D,7.35807E-06
PA,PA-HD-105,R,Tilt,-7.35E-06,R,7.35283E-06
TX,TX-HD-6,R,Safe,7.34E-06,D,7.3412E-06
TX,TX-HD-127,R,Safe,7.34E-06,D,7.33649E-06
TX,TX-HD-33,R,Safe,7.29E-06,D,7.29056E-06
KS,KS-HD-54,R,Safe,7.24E-06,D,7.23944E-06
TX,TX-HD-136,D,Safe,7.22E-06,D,7.21713E-06
TX,TX-HD-128,R,Safe,7.19E-06,D,7.18577E-06
TX,TX-HD-62,R,Safe,7.18E-06,D,7.18161E-06
TX,TX-HD-98,R,Safe,7.11E-06,D,7.11165E-06
FL,FL-HD-31,R,Safe,7.10E-06,D,7.09535E-06
TX,TX-HD-24,R,Safe,7.09E-06,D,7.09128E-06
TX,TX-HD-84,R,Safe,7.08E-06,D,7.08301E-06
TX,TX-HD-71,R,Safe,7.06E-06,D,7.06152E-06
TX,TX-HD-56,R,Safe,7.02E-06,D,7.02454E-06
CT,CT-HD-71,R,Safe,-7.02E-06,R,7.01583E-06
TX,TX-HD-129,R,Safe,7.00E-06,D,7.00128E-06
TX,TX-HD-14,R,Safe,6.94E-06,D,6.93636E-06
KS,KS-SD-8,D,Lean,6.93E-06,D,6.92527E-06
TX,TX-HD-53,R,Safe,6.91E-06,D,6.90525E-06
KS,KS-HD-38,R,Safe,6.89E-06,D,6.89266E-06
CT,CT-HD-142,D,Likely,-6.89E-06,R,6.89019E-06
PA,PA-HD-26,R,Tilt,-6.88E-06,R,6.88316E-06
TX,TX-HD-25,R,Safe,6.88E-06,D,6.87989E-06
MN,MN-SD-34,R,Safe,-6.86E-06,R,6.86413E-06
TX,TX-HD-3,R,Safe,6.86E-06,D,6.85684E-06
PA,PA-HD-144,FALSE,Toss-Up,-6.79E-06,R,6.78672E-06
TX,TX-HD-2,R,Safe,6.76E-06,D,6.76003E-06
FL,FL-HD-63,D,Likely,6.76E-06,D,6.75738E-06
TX,TX-HD-63,R,Safe,6.76E-06,D,6.75543E-06
FL,FL-HD-35,R,Safe,6.75E-06,D,6.75164E-06
FL,FL-HD-24,R,Safe,6.74E-06,D,6.74472E-06
CT,CT-HD-44,R,Safe,-6.74E-06,R,6.7358E-06
TX,TX-HD-58,R,Safe,6.72E-06,D,6.72005E-06
TX,TX-HD-29,R,Safe,6.68E-06,D,6.67958E-06
TX,TX-HD-15,R,Safe,6.65E-06,D,6.64928E-06
TX,TX-HD-83,R,Safe,6.61E-06,D,6.61411E-06
TX,TX-HD-130,R,Safe,6.59E-06,D,6.58656E-06
PA,PA-SD-37,D,Lean,-6.56E-06,R,6.56214E-06
PA,PA-HD-131,R,Tilt,-6.55E-06,R,6.54585E-06
PA,PA-HD-178,FALSE,Toss-Up,-6.53E-06,R,6.53308E-06
NM,NM-SD-30,D,Lean,-6.48E-06,R,6.47916E-06
TX,TX-HD-61,R,Safe,6.46E-06,D,6.46165E-06
TX,TX-HD-70,R,Safe,6.45E-06,D,6.44711E-06
WI,WI-HD-23,D,Tilt,6.37E-06,D,6.36779E-06
CT,CT-HD-52,R,Safe,-6.35E-06,R,6.35428E-06
TX,TX-HD-20,R,Safe,6.34E-06,D,6.34421E-06
MN,MN-SD-52,D,Safe,-6.16E-06,R,6.16455E-06
CT,CT-HD-43,D,Likely,-6.07E-06,R,6.07468E-06
NM,NM-SD-39,D,Lean,-6.06E-06,R,6.06341E-06
CT,CT-HD-57,R,Safe,-6.05E-06,R,6.05229E-06
GA,GA-HD-35,R,Lean,6.03E-06,D,6.0325E-06
WI,WI-HD-51,FALSE,Toss-Up,5.99E-06,D,5.99395E-06
TX,TX-HD-44,R,Safe,5.99E-06,D,5.98545E-06
GA,GA-HD-97,R,Likely,5.93E-06,D,5.92721E-06
TX,TX-HD-118,D,Safe,5.92E-06,D,5.92041E-06
TX,TX-HD-73,R,Safe,5.89E-06,D,5.89104E-06
GA,GA-HD-138,R,Likely,5.79E-06,D,5.79424E-06
CT,CT-HD-85,D,Likely,-5.76E-06,R,5.76394E-06
FL,FL-HD-82,R,Safe,5.71E-06,D,5.7131E-06
CT,CT-HD-102,D,Likely,-5.69E-06,R,5.68503E-06
WI,WI-HD-57,D,Safe,5.67E-06,D,5.67175E-06
CT,CT-HD-73,D,Likely,-5.67E-06,R,5.67042E-06
CT,CT-HD-50,D,Likely,-5.65E-06,R,5.64974E-06
MN,MN-SD-01,R,Safe,-5.57E-06,R,5.56929E-06
CT,CT-HD-8,R,Safe,-5.57E-06,R,5.5684E-06
GA,GA-HD-104,R,Lean,5.49E-06,D,5.49259E-06
NC,NC-SD-11,R,Lean,-5.47E-06,R,5.46625E-06
NC,NC-SD-19,FALSE,Toss-Up,5.46E-06,D,5.46306E-06
FL,FL-HD-73,R,Safe,5.45E-06,D,5.44716E-06
NM,NM-SD-9,D,Tilt,-5.39E-06,R,5.38817E-06
GA,GA-HD-119,R,Likely,5.36E-06,D,5.35779E-06
MN,MN-SD-47,R,Safe,-5.30E-06,R,5.29951E-06
KS,KS-HD-103,D,Safe,5.28E-06,D,5.27964E-06
GA,GA-HD-117,R,Likely,5.27E-06,D,5.27135E-06
CT,CT-HD-28,D,Likely,-5.22E-06,R,5.22443E-06
KS,KS-HD-121,R,Safe,5.17E-06,D,5.16542E-06
FL,FL-HD-80,R,Safe,5.14E-06,D,5.14455E-06
TX,TX-HD-41,D,Safe,5.14E-06,D,5.14123E-06
NC,NC-SD-31,R,Lean,-5.13E-06,R,5.13475E-06
PA,PA-HD-147,R,Lean,-5.00E-06,R,5.00308E-06
PA,PA-HD-76,R,Likely,-5.00E-06,R,4.99808E-06
NC,NC-SD-17,D,Lean,5.00E-06,D,4.99622E-06
PA,PA-HD-40,R,Likely,-4.97E-06,R,4.96817E-06
GA,GA-HD-44,R,Likely,4.95E-06,D,4.94908E-06
PA,PA-HD-39,R,Likely,-4.94E-06,R,4.93639E-06
GA,GA-HD-52,R,Tilt,4.91E-06,D,4.91302E-06
FL,FL-SD-21,R,Safe,4.91E-06,D,4.91286E-06
TX,TX-HD-74,D,Safe,4.86E-06,D,4.86231E-06
FL,FL-SD-23,R,Safe,4.86E-06,D,4.86042E-06
GA,GA-HD-43,R,Tilt,4.85E-06,D,4.84891E-06
PA,PA-HD-48,R,Likely,-4.84E-06,R,4.84283E-06
GA,GA-HD-49,R,Safe,4.82E-06,D,4.81795E-06
CT,CT-HD-56,D,Likely,-4.76E-06,R,4.75506E-06
FL,FL-SD-7,R,Safe,4.74E-06,D,4.74367E-06
PA,PA-HD-28,R,Lean,-4.69E-06,R,4.68899E-06
CT,CT-HD-89,R,Safe,-4.67E-06,R,4.67453E-06
CT,CT-HD-86,R,Safe,-4.67E-06,R,4.67452E-06
NM,NM-SD-18,D,Tilt,-4.64E-06,R,4.63683E-06
PA,PA-HD-104,R,Likely,-4.62E-06,R,4.61708E-06
TX,TX-HD-144,D,Safe,4.60E-06,D,4.60187E-06
NC,NC-SD-27,D,Lean,4.55E-06,D,4.55039E-06
PA,PA-HD-120,R,Lean,-4.55E-06,R,4.54669E-06
KS,KS-HD-84,D,Safe,4.52E-06,D,4.51639E-06
GA,GA-HD-147,R,Lean,4.51E-06,D,4.51276E-06
KS,KS-HD-35,D,Safe,4.51E-06,D,4.50956E-06
CT,CT-SD-30,R,Lean,-4.47E-06,R,4.46642E-06
MN,MN-HD-48B,D,Tilt,-4.42E-06,R,4.41841E-06
KS,KS-HD-58,D,Safe,4.39E-06,D,4.39444E-06
KS,KS-SD-3,D,Lean,4.38E-06,D,4.37742E-06
GA,GA-HD-164,R,Tilt,4.35E-06,D,4.35322E-06
KS,KS-HD-83,D,Safe,4.34E-06,D,4.33611E-06
MN,MN-HD-55A,D,Tilt,-4.33E-06,R,4.33066E-06
NC,NC-SD-18,D,Lean,4.32E-06,D,4.32239E-06
CT,CT-SD-35,R,Lean,-4.32E-06,R,4.31961E-06
MN,MN-SD-50,D,Safe,-4.30E-06,R,4.29975E-06
KS,KS-HD-31,D,Safe,4.22E-06,D,4.2241E-06
CT,CT-SD-17,FALSE,Toss-Up,-4.21E-06,R,4.21278E-06
WI,WI-SD-32,FALSE,Toss-Up,4.19E-06,D,4.1861E-06
MN,MN-SD-10,R,Safe,-4.18E-06,R,4.17946E-06
PA,PA-HD-160,D,Lean,-4.16E-06,R,4.1624E-06
GA,GA-HD-110,R,Safe,4.13E-06,D,4.13041E-06
KS,KS-HD-57,D,Safe,4.12E-06,D,4.12071E-06
PA,PA-HD-72,D,Tilt,-4.11E-06,R,4.11203E-06
GA,GA-HD-34,R,Safe,4.09E-06,D,4.08757E-06
FL,FL-HD-77,R,Safe,4.08E-06,D,4.08044E-06
FL,FL-HD-54,R,Safe,4.06E-06,D,4.05754E-06
NM,NM-SD-20,D,Tilt,-4.05E-06,R,4.05419E-06
KS,KS-HD-89,D,Safe,4.04E-06,D,4.04203E-06
CT,CT-SD-20,FALSE,Toss-Up,-4.03E-06,R,4.02512E-06
KS,KS-HD-92,D,Safe,4.02E-06,D,4.02232E-06
MN,MN-HD-56B,D,Tilt,-3.96E-06,R,3.95571E-06
MN,MN-HD-54A,D,Lean,-3.94E-06,R,3.94241E-06
KS,KS-HD-33,D,Safe,3.93E-06,D,3.92502E-06
NC,NC-SD-9,FALSE,Toss-Up,3.92E-06,D,3.91595E-06
KS,KS-HD-88,D,Safe,3.86E-06,D,3.85712E-06
MN,MN-SD-19,D,Safe,-3.85E-06,R,3.85005E-06
CT,CT-SD-36,D,Tilt,-3.83E-06,R,3.82641E-06
MN,MN-HD-57B,D,Lean,-3.82E-06,R,3.81973E-06
CT,CT-HD-22,R,Safe,-3.82E-06,R,3.81617E-06
KS,KS-HD-53,D,Safe,3.79E-06,D,3.7881E-06
KS,KS-HD-95,D,Safe,3.74E-06,D,3.74153E-06
MN,MN-SD-28,R,Safe,-3.74E-06,R,3.7371E-06
NM,NM-SD-10,D,Tilt,-3.73E-06,R,3.72714E-06
MN,MN-HD-33B,D,Tilt,-3.71E-06,R,3.7139E-06
FL,FL-HD-7,R,Safe,3.70E-06,D,3.70146E-06
TX,TX-HD-90,D,Safe,3.70E-06,D,3.69998E-06
MN,MN-HD-37B,D,Tilt,-3.70E-06,R,3.69685E-06
FL,FL-HD-22,R,Safe,3.68E-06,D,3.67646E-06
NM,NM-SD-28,D,Safe,-3.67E-06,R,3.67484E-06
FL,FL-HD-52,R,Safe,3.66E-06,D,3.66065E-06
KS,KS-SD-21,D,Likely,3.66E-06,D,3.65647E-06
KS,KS-HD-55,D,Safe,3.64E-06,D,3.64235E-06
MN,MN-HD-56A,D,Tilt,-3.60E-06,R,3.60393E-06
MN,MN-SD-62,D,Safe,-3.60E-06,R,3.59618E-06
MN,MN-HD-39B,D,Lean,-3.59E-06,R,3.59204E-06
MN,MN-HD-36A,D,Lean,-3.59E-06,R,3.58995E-06
KS,KS-HD-21,D,Safe,3.59E-06,D,3.58586E-06
WI,WI-HD-43,D,Safe,3.58E-06,D,3.5778E-06
MN,MN-HD-53B,D,Lean,-3.57E-06,R,3.57223E-06
NV,NV-SD-11,D,Safe,-3.53E-06,R,3.52827E-06
CT,CT-HD-87,R,Safe,-3.52E-06,R,3.52359E-06
MN,MN-HD-05A,D,Tilt,-3.52E-06,R,3.51656E-06
NM,NM-SD-37,D,Safe,-3.52E-06,R,3.51523E-06
PA,PA-HD-13,R,Likely,-3.50E-06,R,3.50411E-06
NM,NM-SD-15,D,Safe,-3.49E-06,R,3.49369E-06
GA,GA-HD-151,FALSE,Toss-Up,3.49E-06,D,3.49084E-06
MN,MN-HD-38B,D,Lean,-3.48E-06,R,3.47845E-06
CT,CT-HD-63,R,Safe,-3.45E-06,R,3.44776E-06
MN,MN-HD-47B,FALSE,Toss-Up,-3.43E-06,R,3.42695E-06
KS,KS-HD-36,D,Safe,3.41E-06,D,3.4084E-06
FL,FL-SD-17,R,Safe,3.35E-06,D,3.34843E-06
TX,TX-HD-103,D,Safe,3.33E-06,D,3.32959E-06
CT,CT-HD-48,D,Safe,-3.27E-06,R,3.2692E-06
NC,NC-HD-68,R,Safe,3.27E-06,D,3.2674E-06
CT,CT-HD-118,D,Safe,-3.26E-06,R,3.26327E-06
KS,KS-SD-20,R,Likely,3.24E-06,D,3.2434E-06
KS,KS-HD-100,R,Safe,3.23E-06,D,3.22668E-06
PA,PA-SD-25,R,Safe,-3.22E-06,R,3.22394E-06
FL,FL-HD-76,R,Safe,3.22E-06,D,3.22281E-06
CT,CT-HD-76,R,Safe,-3.22E-06,R,3.22004E-06
PA,PA-SD-41,R,Safe,-3.22E-06,R,3.21666E-06
PA,PA-SD-39,R,Safe,-3.21E-06,R,3.20673E-06
PA,PA-HD-123,R,Likely,-3.21E-06,R,3.20651E-06
MN,MN-SD-43,D,Safe,-3.19E-06,R,3.1924E-06
NC,NC-HD-22,R,Safe,3.19E-06,D,3.18703E-06
CT,CT-HD-112,R,Safe,-3.17E-06,R,3.16962E-06
FL,FL-HD-112,D,Safe,3.17E-06,D,3.16907E-06
NC,NC-HD-96,R,Safe,3.17E-06,D,3.16529E-06
NC,NC-HD-70,R,Safe,3.15E-06,D,3.15314E-06
PA,PA-HD-165,D,Lean,-3.15E-06,R,3.14731E-06
PA,PA-SD-47,R,Safe,-3.15E-06,R,3.14577E-06
CT,CT-HD-29,D,Safe,-3.14E-06,R,3.14434E-06
NC,NC-HD-4,R,Safe,3.14E-06,D,3.13842E-06
PA,PA-SD-23,R,Safe,-3.13E-06,R,3.13067E-06
NC,NC-HD-69,R,Safe,3.12E-06,D,3.12444E-06
NV,NV-SD-6,D,Lean,-3.12E-06,R,3.12086E-06
TX,TX-HD-31,D,Safe,3.07E-06,D,3.06953E-06
CT,CT-HD-104,D,Safe,-3.07E-06,R,3.06625E-06
NC,NC-HD-109,R,Safe,3.06E-06,D,3.06197E-06
NC,NC-HD-78,R,Safe,3.06E-06,D,3.05933E-06
NC,NC-HD-7,R,Safe,3.04E-06,D,3.04238E-06
GA,GA-HD-173,R,Safe,3.04E-06,D,3.04224E-06
MN,MN-SD-40,D,Safe,-3.03E-06,R,3.03428E-06
CT,CT-SD-14,D,Lean,-3.02E-06,R,3.02471E-06
PA,PA-SD-27,R,Safe,-3.02E-06,R,3.02123E-06
NC,NC-HD-79,R,Safe,3.01E-06,D,3.0141E-06
PA,PA-HD-162,D,Lean,-3.01E-06,R,3.01363E-06
PA,PA-HD-143,D,Lean,-3.00E-06,R,3.00454E-06
PA,PA-SD-31,R,Safe,-2.99E-06,R,2.98996E-06
NC,NC-HD-55,R,Safe,2.98E-06,D,2.98207E-06
MN,MN-SD-65,D,Safe,-2.97E-06,R,2.97221E-06
TX,TX-HD-145,D,Safe,2.97E-06,D,2.96727E-06
NC,NC-HD-3,R,Safe,2.97E-06,D,2.96617E-06
PA,PA-SD-21,R,Safe,-2.95E-06,R,2.95005E-06
NC,NC-HD-89,R,Safe,2.95E-06,D,2.94551E-06
PA,PA-SD-33,R,Safe,-2.94E-06,R,2.94434E-06
TX,TX-HD-148,D,Safe,2.93E-06,D,2.93282E-06
NC,NC-HD-75,R,Safe,2.93E-06,D,2.9325E-06
NC,NC-HD-108,R,Safe,2.93E-06,D,2.92817E-06
NC,NC-HD-111,R,Safe,2.93E-06,D,2.927E-06
NC,NC-HD-14,R,Safe,2.93E-06,D,2.92576E-06
FL,FL-SD-27,R,Safe,2.92E-06,D,2.9217E-06
NC,NC-HD-85,R,Safe,2.91E-06,D,2.91413E-06
PA,PA-HD-41,R,Likely,-2.90E-06,R,2.9026E-06
NC,NC-HD-2,R,Safe,2.89E-06,D,2.88698E-06
NC,NC-HD-64,R,Safe,2.88E-06,D,2.88043E-06
KS,KS-SD-30,R,Likely,2.86E-06,D,2.86229E-06
PA,PA-HD-138,R,Likely,-2.86E-06,R,2.85941E-06
CT,CT-HD-113,R,Safe,-2.85E-06,R,2.85443E-06
NC,NC-HD-73,R,Safe,2.85E-06,D,2.84896E-06
MN,MN-SD-03,D,Safe,-2.84E-06,R,2.84052E-06
FL,FL-HD-56,R,Safe,2.84E-06,D,2.84001E-06
CT,CT-SD-28,R,Likely,-2.84E-06,R,2.83809E-06
NC,NC-HD-91,R,Safe,2.83E-06,D,2.83097E-06
NC,NC-HD-80,R,Safe,2.83E-06,D,2.82915E-06
NC,NC-HD-10,R,Safe,2.83E-06,D,2.82761E-06
NC,NC-HD-86,R,Safe,2.82E-06,D,2.81763E-06
NC,NC-HD-95,R,Safe,2.81E-06,D,2.81301E-06
PA,PA-HD-53,D,Lean,-2.80E-06,R,2.80496E-06
NC,NC-HD-112,R,Safe,2.80E-06,D,2.80048E-06
NC,NC-HD-76,R,Safe,2.79E-06,D,2.79317E-06
FL,FL-HD-100,D,Safe,2.79E-06,D,2.79311E-06
KS,KS-HD-82,R,Safe,2.77E-06,D,2.76864E-06
NC,NC-HD-90,R,Safe,2.76E-06,D,2.75908E-06
NC,NC-HD-81,R,Safe,2.75E-06,D,2.74712E-06
NC,NC-HD-87,R,Safe,2.74E-06,D,2.74261E-06
NC,NC-HD-120,R,Safe,2.74E-06,D,2.74168E-06
FL,FL-HD-19,R,Safe,2.74E-06,D,2.74111E-06
CT,CT-SD-7,R,Likely,-2.74E-06,R,2.73649E-06
NC,NC-HD-84,R,Safe,2.73E-06,D,2.73495E-06
TX,TX-HD-149,D,Safe,2.73E-06,D,2.7304E-06
NC,NC-HD-97,R,Safe,2.73E-06,D,2.72987E-06
NC,NC-HD-117,R,Safe,2.73E-06,D,2.72724E-06
MN,MN-HD-54B,FALSE,Toss-Up,-2.73E-06,R,2.72712E-06
NC,NC-HD-65,R,Safe,2.73E-06,D,2.7254E-06
NC,NC-HD-62,R,Safe,2.71E-06,D,2.71346E-06
NC,NC-HD-77,R,Safe,2.71E-06,D,2.70994E-06
NV,NV-SD-4,D,Safe,-2.71E-06,R,2.70944E-06
MN,MN-SD-63,D,Safe,-2.71E-06,R,2.70552E-06
NC,NC-HD-28,R,Safe,2.70E-06,D,2.7033E-06
MN,MN-SD-59,D,Safe,-2.70E-06,R,2.7018E-06
MN,MN-SD-64,D,Safe,-2.70E-06,R,2.70007E-06
OR,OR-HD-49,D,Likely,-2.68E-06,R,2.68179E-06
NC,NC-HD-13,R,Safe,2.68E-06,D,2.6799E-06
FL,FL-HD-10,R,Safe,2.68E-06,D,2.67939E-06
CT,CT-HD-80,R,Safe,-2.68E-06,R,2.6757E-06
PA,PA-HD-167,D,Lean,-2.67E-06,R,2.67386E-06
WI,WI-HD-8,D,Safe,2.67E-06,D,2.67141E-06
NC,NC-HD-16,R,Safe,2.67E-06,D,2.67041E-06
FL,FL-HD-18,R,Safe,2.67E-06,D,2.66927E-06
FL,FL-HD-55,R,Safe,2.66E-06,D,2.66063E-06
NC,NC-HD-52,R,Safe,2.66E-06,D,2.65677E-06
NC,NC-HD-26,R,Safe,2.65E-06,D,2.65183E-06
MN,MN-SD-66,D,Safe,-2.63E-06,R,2.63432E-06
CT,CT-SD-18,R,Likely,-2.63E-06,R,2.62789E-06
CT,CT-HD-131,R,Safe,-2.62E-06,R,2.61525E-06
MN,MN-SD-41,D,Safe,-2.61E-06,R,2.61294E-06
NC,NC-HD-15,R,Safe,2.60E-06,D,2.60116E-06
OR,OR-HD-20,D,Likely,-2.59E-06,R,2.58993E-06
TX,TX-HD-142,D,Safe,2.59E-06,D,2.58876E-06
CT,CT-HD-105,R,Safe,-2.58E-06,R,2.5802E-06
FL,FL-HD-23,R,Safe,2.56E-06,D,2.56421E-06
FL,FL-HD-5,R,Safe,2.56E-06,D,2.5583E-06
NV,NV-SD-5,D,Tilt,-2.56E-06,R,2.55617E-06
PA,PA-HD-97,R,Likely,-2.55E-06,R,2.55287E-06
CT,CT-HD-70,R,Safe,-2.55E-06,R,2.55189E-06
TX,TX-HD-78,D,Safe,2.55E-06,D,2.55125E-06
NC,NC-HD-53,R,Safe,2.55E-06,D,2.54943E-06
MN,MN-HD-34B,D,Likely,-2.54E-06,R,2.54116E-06
OR,OR-HD-37,D,Likely,-2.53E-06,R,2.53218E-06
FL,FL-HD-38,R,Safe,2.51E-06,D,2.5147E-06
MN,MN-SD-61,D,Safe,-2.51E-06,R,2.51416E-06
FL,FL-HD-9,D,Safe,2.51E-06,D,2.51197E-06
WI,WI-HD-96,R,Lean,2.51E-06,D,2.50959E-06
NM,NM-SD-23,FALSE,Toss-Up,-2.50E-06,R,2.50485E-06
FL,FL-HD-4,R,Safe,2.50E-06,D,2.50445E-06
FL,FL-HD-6,R,Safe,2.49E-06,D,2.49344E-06
GA,GA-HD-19,R,Safe,2.49E-06,D,2.49031E-06
FL,FL-HD-106,R,Safe,2.49E-06,D,2.48654E-06
MN,MN-HD-25B,D,Likely,-2.48E-06,R,2.48401E-06
FL,FL-HD-34,R,Safe,2.48E-06,D,2.47553E-06
TX,TX-HD-22,D,Safe,2.47E-06,D,2.46548E-06
CT,CT-HD-108,R,Safe,-2.45E-06,R,2.45477E-06
MN,MN-SD-45,D,Safe,-2.45E-06,R,2.45185E-06
CT,CT-HD-68,R,Safe,-2.43E-06,R,2.43111E-06
MN,MN-HD-52B,D,Likely,-2.42E-06,R,2.41876E-06
NC,NC-HD-100,D,Safe,2.41E-06,D,2.41411E-06
GA,GA-HD-109,FALSE,Toss-Up,2.40E-06,D,2.40168E-06
FL,FL-HD-3,R,Safe,2.40E-06,D,2.39695E-06
MN,MN-SD-46,D,Safe,-2.39E-06,R,2.38901E-06
FL,FL-HD-11,R,Safe,2.37E-06,D,2.37447E-06
MN,MN-HD-44A,D,Likely,-2.37E-06,R,2.36585E-06
FL,FL-HD-68,D,Safe,2.36E-06,D,2.36184E-06
CT,CT-HD-78,R,Safe,-2.35E-06,R,2.35294E-06
NC,NC-HD-102,D,Safe,2.35E-06,D,2.34851E-06
MN,MN-SD-07,D,Safe,-2.32E-06,R,2.32133E-06
TX,TX-HD-27,D,Safe,2.32E-06,D,2.31542E-06
CT,CT-SD-8,R,Likely,-2.31E-06,R,2.30919E-06
TX,TX-HD-34,D,Safe,2.30E-06,D,2.30291E-06
NC,NC-SD-3,D,Likely,2.30E-06,D,2.30113E-06
KS,KS-SD-22,D,Lean,2.29E-06,D,2.29396E-06
TX,TX-HD-109,D,Safe,2.29E-06,D,2.29326E-06
PA,PA-HD-176,R,Likely,-2.29E-06,R,2.2912E-06
TX,TX-HD-119,D,Safe,2.28E-06,D,2.27614E-06
OR,OR-HD-26,D,Lean,-2.27E-06,R,2.27095E-06
WI,WI-HD-92,R,Lean,2.26E-06,D,2.2632E-06
KS,KS-HD-47,R,Safe,2.24E-06,D,2.23946E-06
PA,PA-HD-158,D,Lean,-2.23E-06,R,2.22672E-06
NC,NC-HD-17,R,Safe,2.23E-06,D,2.22574E-06
TX,TX-HD-51,D,Safe,2.22E-06,D,2.22402E-06
TX,TX-HD-116,D,Safe,2.22E-06,D,2.22265E-06
TX,TX-HD-120,D,Safe,2.22E-06,D,2.22206E-06
CT,CT-SD-12,D,Lean,-2.20E-06,R,2.20125E-06
FL,FL-HD-17,R,Safe,2.20E-06,D,2.20066E-06
MN,MN-SD-22,R,Safe,-2.20E-06,R,2.19664E-06
PA,PA-HD-152,D,Lean,-2.18E-06,R,2.17947E-06
NC,NC-HD-27,D,Safe,2.16E-06,D,2.16147E-06
OR,OR-HD-52,D,Lean,-2.16E-06,R,2.15869E-06
PA,PA-HD-142,R,Likely,-2.14E-06,R,2.1425E-06
CT,CT-SD-33,D,Lean,-2.12E-06,R,2.12325E-06
MN,MN-SD-15,R,Safe,-2.11E-06,R,2.11322E-06
NC,NC-HD-72,D,Safe,2.11E-06,D,2.11162E-06
MN,MN-SD-09,R,Safe,-2.11E-06,R,2.10953E-06
NC,NC-HD-5,D,Safe,2.11E-06,D,2.10605E-06
NC,NC-HD-34,D,Safe,2.10E-06,D,2.10041E-06
NC,NC-HD-99,D,Safe,2.09E-06,D,2.09169E-06
NC,NC-HD-44,D,Safe,2.09E-06,D,2.09002E-06
TX,TX-HD-50,D,Safe,2.09E-06,D,2.08939E-06
NC,NC-HD-38,D,Safe,2.09E-06,D,2.08892E-06
OR,OR-HD-32,D,Lean,-2.07E-06,R,2.06559E-06
NC,NC-HD-23,D,Safe,2.06E-06,D,2.05778E-06
MN,MN-SD-18,R,Safe,-2.05E-06,R,2.04629E-06
OR,OR-HD-50,D,Safe,-2.04E-06,R,2.04244E-06
NC,NC-HD-58,D,Safe,2.04E-06,D,2.04075E-06
MN,MN-SD-23,R,Safe,-2.04E-06,R,2.04022E-06
MN,MN-SD-30,R,Safe,-2.04E-06,R,2.03843E-06
KS,KS-HD-12,R,Safe,2.03E-06,D,2.03198E-06
MN,MN-SD-12,R,Safe,-2.03E-06,R,2.02663E-06
CT,CT-SD-13,D,Lean,-2.03E-06,R,2.02654E-06
MN,MN-SD-16,R,Safe,-2.03E-06,R,2.0256E-06
NM,NM-SD-35,FALSE,Toss-Up,-2.01E-06,R,2.0094E-06
KY,KY-HD-92,R,Safe,2.01E-06,D,2.00748E-06
KS,KS-HD-116,R,Safe,2.00E-06,D,2.00103E-06
KY,KY-HD-3,R,Likely,2.00E-06,D,1.99831E-06
OR,OR-HD-11,D,Likely,-1.99E-06,R,1.99444E-06
KS,KS-HD-13,R,Safe,1.99E-06,D,1.98984E-06
TX,TX-HD-49,D,Safe,1.99E-06,D,1.98768E-06
MN,MN-SD-55,R,Safe,-1.99E-06,R,1.98661E-06
MN,MN-SD-35,R,Safe,-1.99E-06,R,1.98523E-06
NC,NC-HD-32,D,Safe,1.98E-06,D,1.98471E-06
PA,PA-HD-61,D,Lean,-1.98E-06,R,1.97539E-06
NC,NC-HD-107,D,Safe,1.97E-06,D,1.97445E-06
KS,KS-HD-106,R,Safe,1.97E-06,D,1.96952E-06
MN,MN-SD-29,R,Safe,-1.97E-06,R,1.96655E-06
WI,WI-HD-30,R,Tilt,1.97E-06,D,1.96578E-06
WI,WI-HD-9,D,Safe,1.96E-06,D,1.96397E-06
NC,NC-HD-11,D,Safe,1.95E-06,D,1.95282E-06
MN,MN-HD-19A,D,Likely,-1.95E-06,R,1.94874E-06
SC,SC-SD-44,R,Likely,1.94E-06,D,1.94359E-06
NC,NC-HD-92,D,Safe,1.94E-06,D,1.94082E-06
OR,OR-HD-22,D,Safe,-1.94E-06,R,1.94032E-06
NC,NC-HD-60,D,Safe,1.94E-06,D,1.93964E-06
MN,MN-SD-31,R,Safe,-1.93E-06,R,1.93347E-06
FL,FL-HD-33,R,Safe,1.93E-06,D,1.93074E-06
NC,NC-HD-57,D,Safe,1.93E-06,D,1.92957E-06
NC,NC-HD-41,D,Safe,1.93E-06,D,1.92858E-06
KY,KY-HD-93,R,Lean,1.93E-06,D,1.92538E-06
MN,MN-SD-08,R,Safe,-1.92E-06,R,1.91721E-06
FL,FL-HD-104,D,Safe,1.91E-06,D,1.91098E-06
NM,NM-SD-36,D,Safe,-1.91E-06,R,1.90691E-06
NC,NC-HD-88,D,Safe,1.90E-06,D,1.9039E-06
TX,TX-HD-48,D,Safe,1.90E-06,D,1.9022E-06
CT,CT-HD-128,D,Safe,-1.88E-06,R,1.88436E-06
KS,KS-HD-27,R,Safe,1.87E-06,D,1.86652E-06
FL,FL-HD-47,D,Safe,1.87E-06,D,1.86541E-06
NC,NC-HD-116,D,Safe,1.85E-06,D,1.85406E-06
KY,KY-HD-24,R,Safe,1.85E-06,D,1.85123E-06
KY,KY-HD-97,R,Safe,1.85E-06,D,1.85066E-06
CT,CT-HD-147,D,Safe,-1.85E-06,R,1.84972E-06
OR,OR-HD-40,D,Safe,-1.84E-06,R,1.8371E-06
OR,OR-HD-14,D,Safe,-1.83E-06,R,1.83432E-06
KS,KS-HD-5,R,Safe,1.83E-06,D,1.82954E-06
NC,NC-HD-8,D,Safe,1.83E-06,D,1.8263E-06
NC,NC-HD-48,D,Safe,1.82E-06,D,1.82425E-06
NC,NC-HD-40,D,Safe,1.82E-06,D,1.82084E-06
KY,KY-HD-15,R,Safe,1.81E-06,D,1.8131E-06
OR,OR-HD-51,D,Safe,-1.80E-06,R,1.79879E-06
KS,KS-HD-70,R,Safe,1.80E-06,D,1.79738E-06
KS,KS-HD-101,R,Safe,1.79E-06,D,1.79069E-06
KY,KY-HD-50,R,Safe,1.79E-06,D,1.79011E-06
NC,NC-HD-42,D,Safe,1.78E-06,D,1.78181E-06
SC,SC-SD-43,R,Lean,1.78E-06,D,1.78133E-06
KS,KS-HD-114,R,Safe,1.78E-06,D,1.77925E-06
NC,NC-HD-49,D,Safe,1.78E-06,D,1.77923E-06
KS,KS-HD-4,R,Safe,1.77E-06,D,1.77274E-06
MN,MN-HD-27B,D,Likely,-1.77E-06,R,1.76569E-06
NC,NC-HD-101,D,Safe,1.77E-06,D,1.76506E-06
CT,CT-HD-40,D,Safe,-1.76E-06,R,1.76279E-06
KS,KS-SD-23,R,Likely,1.76E-06,D,1.75988E-06
CT,CT-HD-13,D,Safe,-1.76E-06,R,1.7593E-06
KS,KS-HD-81,R,Safe,1.76E-06,D,1.7579E-06
KS,KS-HD-50,R,Safe,1.76E-06,D,1.75635E-06
KS,KS-HD-77,R,Safe,1.75E-06,D,1.75441E-06
NC,NC-HD-31,D,Safe,1.74E-06,D,1.73814E-06
CT,CT-SD-6,D,Lean,-1.73E-06,R,1.73457E-06
NC,NC-HD-54,D,Safe,1.73E-06,D,1.72817E-06
KS,KS-HD-9,R,Safe,1.73E-06,D,1.72662E-06
NC,NC-HD-115,D,Safe,1.72E-06,D,1.71875E-06
WI,WI-HD-13,R,Tilt,1.70E-06,D,1.70114E-06
CT,CT-HD-140,D,Safe,-1.70E-06,R,1.69863E-06
KY,KY-HD-22,R,Likely,1.70E-06,D,1.69719E-06
KS,KS-HD-59,R,Safe,1.69E-06,D,1.68505E-06
KY,KY-HD-69,R,Likely,1.67E-06,D,1.6709E-06
NC,NC-HD-114,D,Safe,1.67E-06,D,1.66746E-06
NC,NC-HD-30,D,Safe,1.67E-06,D,1.66566E-06
KY,KY-HD-29,R,Tilt,1.66E-06,D,1.66436E-06
NC,NC-HD-18,D,Safe,1.66E-06,D,1.65846E-06
KS,KS-HD-99,R,Safe,1.66E-06,D,1.65741E-06
KY,KY-HD-62,R,Safe,1.65E-06,D,1.65418E-06
NC,NC-HD-33,D,Safe,1.65E-06,D,1.64967E-06
GA,GA-HD-29,R,Safe,1.65E-06,D,1.64795E-06
KS,KS-SD-7,D,Likely,1.65E-06,D,1.64674E-06
KY,KY-HD-91,R,Lean,1.64E-06,D,1.64145E-06
KS,KS-HD-64,R,Safe,1.64E-06,D,1.63739E-06
WI,WI-HD-10,D,Safe,1.63E-06,D,1.62769E-06
CT,CT-HD-110,D,Safe,-1.63E-06,R,1.62589E-06
PA,PA-HD-146,D,Lean,-1.61E-06,R,1.6132E-06
CT,CT-HD-145,D,Safe,-1.61E-06,R,1.61239E-06
KY,KY-HD-74,R,Likely,1.61E-06,D,1.60822E-06
PA,PA-HD-119,D,Lean,-1.60E-06,R,1.6012E-06
WI,WI-HD-16,D,Safe,1.60E-06,D,1.59801E-06
KS,KS-HD-60,R,Safe,1.59E-06,D,1.59499E-06
GA,GA-HD-48,FALSE,Toss-Up,1.59E-06,D,1.58532E-06
PA,PA-HD-9,D,Lean,-1.58E-06,R,1.58132E-06
KS,KS-HD-68,R,Safe,1.57E-06,D,1.57175E-06
WI,WI-HD-66,D,Safe,1.57E-06,D,1.56565E-06
CT,CT-SD-26,D,Lean,-1.57E-06,R,1.56525E-06
KS,KS-HD-75,R,Safe,1.56E-06,D,1.56217E-06
KY,KY-HD-8,R,Safe,1.56E-06,D,1.55994E-06
NV,NV-HD-21,D,Likely,-1.56E-06,R,1.55965E-06
KY,KY-HD-49,R,Safe,1.55E-06,D,1.5501E-06
PA,PA-HD-55,D,Lean,-1.54E-06,R,1.53524E-06
KS,KS-HD-43,R,Safe,1.53E-06,D,1.53353E-06
CT,CT-HD-95,D,Safe,-1.53E-06,R,1.53157E-06
KS,KS-HD-71,R,Safe,1.52E-06,D,1.52493E-06
WI,WI-HD-17,D,Safe,1.52E-06,D,1.5236E-06
CT,CT-HD-3,D,Safe,-1.52E-06,R,1.51834E-06
KS,KS-HD-94,R,Safe,1.51E-06,D,1.51328E-06
KS,KS-HD-104,R,Safe,1.51E-06,D,1.50883E-06
WI,WI-HD-90,D,Safe,1.51E-06,D,1.50508E-06
KS,KS-SD-9,R,Likely,1.50E-06,D,1.50313E-06
NV,NV-HD-5,D,Likely,-1.50E-06,R,1.49699E-06
FL,FL-HD-91,D,Safe,1.49E-06,D,1.49259E-06
PA,PA-HD-62,R,Safe,-1.49E-06,R,1.48961E-06
WI,WI-HD-11,D,Safe,1.49E-06,D,1.48583E-06
PA,PA-HD-199,R,Safe,-1.48E-06,R,1.48009E-06
CT,CT-HD-148,D,Safe,-1.47E-06,R,1.47454E-06
GA,GA-HD-98,R,Safe,1.47E-06,D,1.46606E-06
WI,WI-HD-65,D,Safe,1.47E-06,D,1.46508E-06
MN,MN-HD-14A,R,Lean,-1.46E-06,R,1.45637E-06
PA,PA-HD-183,R,Safe,-1.46E-06,R,1.45604E-06
PA,PA-HD-145,R,Safe,-1.45E-06,R,1.45215E-06
PA,PA-HD-87,R,Safe,-1.45E-06,R,1.44983E-06
CT,CT-HD-6,D,Safe,-1.45E-06,R,1.44841E-06
OR,OR-HD-10,D,Safe,-1.44E-06,R,1.44325E-06
CT,CT-HD-130,D,Safe,-1.43E-06,R,1.4256E-06
KS,KS-HD-105,R,Safe,1.41E-06,D,1.40805E-06
WI,WI-HD-45,D,Safe,1.40E-06,D,1.40275E-06
WI,WI-HD-12,D,Safe,1.40E-06,D,1.39957E-06
CT,CT-HD-1,D,Safe,-1.40E-06,R,1.39741E-06
CT,CT-HD-75,D,Safe,-1.39E-06,R,1.39332E-06
WI,WI-HD-80,D,Safe,1.39E-06,D,1.39186E-06
PA,PA-HD-46,R,Safe,-1.38E-06,R,1.38497E-06
GA,GA-HD-36,R,Safe,1.38E-06,D,1.37748E-06
CT,CT-HD-129,D,Safe,-1.37E-06,R,1.37163E-06
KY,KY-HD-12,R,Safe,1.37E-06,D,1.37016E-06
WI,WI-HD-73,D,Safe,1.37E-06,D,1.3699E-06
WI,WI-HD-64,D,Safe,1.36E-06,D,1.3647E-06
GA,GA-HD-106,D,Tilt,1.36E-06,D,1.3642E-06
WI,WI-HD-81,D,Safe,1.36E-06,D,1.36301E-06
WI,WI-HD-44,D,Safe,1.36E-06,D,1.35893E-06
GA,GA-HD-30,R,Safe,1.36E-06,D,1.35756E-06
FL,FL-SD-5,R,Safe,1.35E-06,D,1.35484E-06
GA,GA-HD-67,R,Safe,1.35E-06,D,1.35193E-06
CT,CT-HD-24,D,Safe,-1.33E-06,R,1.32536E-06
WI,WI-HD-46,D,Safe,1.33E-06,D,1.32534E-06
NV,NV-HD-41,D,Likely,-1.32E-06,R,1.32472E-06
WI,WI-HD-71,D,Safe,1.32E-06,D,1.32289E-06
CT,CT-HD-82,D,Safe,-1.32E-06,R,1.31876E-06
CT,CT-HD-84,D,Safe,-1.32E-06,R,1.31651E-06
WI,WI-HD-48,D,Safe,1.31E-06,D,1.31409E-06
WI,WI-HD-79,D,Safe,1.31E-06,D,1.31244E-06
GA,GA-HD-21,R,Safe,1.30E-06,D,1.30378E-06
KY,KY-HD-63,R,Safe,1.30E-06,D,1.30341E-06
SC,SC-SD-41,R,Tilt,1.30E-06,D,1.3019E-06
FL,FL-SD-1,R,Safe,1.30E-06,D,1.29766E-06
CT,CT-HD-127,D,Safe,-1.29E-06,R,1.29469E-06
CT,CT-HD-16,D,Safe,-1.29E-06,R,1.29432E-06
NV,NV-HD-35,D,Likely,-1.29E-06,R,1.29192E-06
CT,CT-HD-25,D,Safe,-1.29E-06,R,1.29182E-06
PA,PA-HD-156,D,Likely,-1.29E-06,R,1.291E-06
GA,GA-HD-25,R,Safe,1.29E-06,D,1.28748E-06
NV,NV-HD-12,D,Safe,-1.29E-06,R,1.28595E-06
CT,CT-HD-7,D,Safe,-1.28E-06,R,1.28165E-06
CT,CT-HD-4,D,Safe,-1.28E-06,R,1.27773E-06
WI,WI-HD-78,D,Safe,1.28E-06,D,1.27534E-06
CT,CT-HD-124,D,Safe,-1.27E-06,R,1.27099E-06
GA,GA-HD-24,R,Safe,1.27E-06,D,1.26611E-06
WI,WI-HD-91,D,Safe,1.26E-06,D,1.26395E-06
WI,WI-HD-47,D,Safe,1.26E-06,D,1.25636E-06
WI,WI-HD-54,D,Safe,1.25E-06,D,1.24673E-06
GA,GA-HD-13,R,Safe,1.25E-06,D,1.24649E-06
CT,CT-HD-116,D,Safe,-1.24E-06,R,1.23593E-06
GA,GA-HD-47,R,Safe,1.24E-06,D,1.23574E-06
GA,GA-HD-103,R,Safe,1.22E-06,D,1.22014E-06
WI,WI-HD-4,R,Likely,1.22E-06,D,1.21849E-06
WI,WI-HD-88,R,Lean,1.22E-06,D,1.21631E-06
GA,GA-HD-145,R,Safe,1.22E-06,D,1.21588E-06
GA,GA-HD-114,R,Safe,1.21E-06,D,1.21391E-06
GA,GA-HD-26,R,Safe,1.20E-06,D,1.20162E-06
CT,CT-HD-94,D,Safe,-1.20E-06,R,1.19864E-06
FL,FL-HD-86,D,Safe,1.19E-06,D,1.18975E-06
FL,FL-HD-81,D,Safe,1.19E-06,D,1.18923E-06
KY,KY-HD-84,R,Safe,1.18E-06,D,1.18367E-06
KY,KY-HD-99,R,Lean,1.18E-06,D,1.18264E-06
WI,WI-HD-19,D,Safe,1.18E-06,D,1.18197E-06
PA,PA-HD-189,R,Safe,-1.17E-06,R,1.17481E-06
FL,FL-HD-113,D,Safe,1.17E-06,D,1.17136E-06
CT,CT-SD-24,D,Likely,-1.17E-06,R,1.17122E-06
NM,NM-SD-17,D,Safe,-1.17E-06,R,1.17037E-06
GA,GA-HD-5,R,Safe,1.17E-06,D,1.16993E-06
WI,WI-SD-24,R,Lean,1.17E-06,D,1.16952E-06
NM,NM-SD-11,D,Safe,-1.17E-06,R,1.16885E-06
GA,GA-HD-20,R,Safe,1.17E-06,D,1.16856E-06
GA,GA-HD-46,R,Safe,1.17E-06,D,1.16684E-06
KS,KS-SD-1,R,Safe,1.17E-06,D,1.16503E-06
CT,CT-HD-115,D,Safe,-1.16E-06,R,1.16433E-06
MN,MN-HD-05B,R,Lean,-1.16E-06,R,1.16371E-06
CT,CT-HD-126,D,Safe,-1.16E-06,R,1.16087E-06
WI,WI-HD-95,D,Safe,1.16E-06,D,1.16085E-06
NV,NV-HD-31,D,Lean,-1.16E-06,R,1.1556E-06
GA,GA-HD-122,R,Safe,1.15E-06,D,1.15438E-06
NV,NV-HD-9,D,Safe,-1.15E-06,R,1.14972E-06
CT,CT-HD-146,D,Safe,-1.14E-06,R,1.1422E-06
SC,SC-SD-16,R,Safe,1.14E-06,D,1.14074E-06
GA,GA-HD-144,R,Safe,1.14E-06,D,1.13887E-06
CT,CT-HD-100,D,Safe,-1.14E-06,R,1.13875E-06
PA,PA-HD-155,D,Likely,-1.14E-06,R,1.13791E-06
GA,GA-HD-45,R,Safe,1.13E-06,D,1.13469E-06
GA,GA-HD-71,R,Safe,1.13E-06,D,1.12995E-06
GA,GA-HD-73,R,Safe,1.13E-06,D,1.12835E-06
CT,CT-HD-92,D,Safe,-1.13E-06,R,1.12691E-06
PA,PA-HD-137,R,Safe,-1.12E-06,R,1.11964E-06
GA,GA-HD-33,R,Safe,1.12E-06,D,1.11946E-06
GA,GA-HD-170,R,Safe,1.12E-06,D,1.11804E-06
WI,WI-SD-30,R,Lean,1.12E-06,D,1.11778E-06
GA,GA-HD-16,R,Safe,1.12E-06,D,1.11763E-06
PA,PA-SD-45,D,Likely,-1.12E-06,R,1.11692E-06
KY,KY-HD-45,FALSE,Toss-Up,1.12E-06,D,1.11669E-06
GA,GA-HD-72,R,Safe,1.12E-06,D,1.11628E-06
MN,MN-HD-37A,D,Safe,-1.11E-06,R,1.11494E-06
WI,WI-HD-55,R,Likely,1.11E-06,D,1.11246E-06
GA,GA-HD-115,R,Safe,1.11E-06,D,1.11232E-06
GA,GA-HD-155,R,Safe,1.11E-06,D,1.11028E-06
GA,GA-HD-169,R,Safe,1.11E-06,D,1.1075E-06
CT,CT-HD-93,D,Safe,-1.11E-06,R,1.10741E-06
GA,GA-HD-68,R,Safe,1.11E-06,D,1.1066E-06
GA,GA-HD-158,R,Safe,1.10E-06,D,1.1008E-06
GA,GA-HD-50,D,Tilt,1.10E-06,D,1.10016E-06
GA,GA-HD-17,R,Safe,1.09E-06,D,1.09424E-06
GA,GA-HD-129,R,Safe,1.09E-06,D,1.09375E-06
GA,GA-HD-130,R,Safe,1.09E-06,D,1.09161E-06
GA,GA-HD-18,R,Safe,1.09E-06,D,1.08935E-06
WI,WI-HD-62,R,Likely,1.09E-06,D,1.08915E-06
GA,GA-HD-22,R,Safe,1.09E-06,D,1.08875E-06
PA,PA-HD-50,D,Likely,-1.09E-06,R,1.08792E-06
CT,CT-HD-72,D,Safe,-1.09E-06,R,1.08768E-06
GA,GA-HD-12,R,Safe,1.09E-06,D,1.08706E-06
WI,WI-HD-85,R,Likely,1.09E-06,D,1.08605E-06
WI,WI-HD-76,D,Safe,1.08E-06,D,1.08494E-06
CT,CT-HD-20,D,Safe,-1.08E-06,R,1.0832E-06
CT,CT-HD-144,D,Safe,-1.08E-06,R,1.08113E-06
GA,GA-HD-148,R,Safe,1.08E-06,D,1.0805E-06
OR,OR-HD-29,D,Safe,-1.08E-06,R,1.07613E-06
CT,CT-HD-39,D,Safe,-1.07E-06,R,1.0724E-06
GA,GA-HD-112,R,Safe,1.07E-06,D,1.07218E-06
MN,MN-HD-48A,D,Safe,-1.07E-06,R,1.07211E-06
CT,CT-HD-97,D,Safe,-1.07E-06,R,1.07172E-06
PA,PA-HD-15,R,Safe,-1.07E-06,R,1.07118E-06
GA,GA-HD-32,R,Safe,1.07E-06,D,1.06632E-06
CT,CT-HD-26,D,Safe,-1.07E-06,R,1.06607E-06
GA,GA-HD-131,R,Safe,1.07E-06,D,1.06576E-06
GA,GA-HD-102,FALSE,Toss-Up,1.07E-06,D,1.06504E-06
GA,GA-HD-11,R,Safe,1.06E-06,D,1.06177E-06
GA,GA-HD-180,R,Safe,1.06E-06,D,1.06076E-06
GA,GA-HD-10,R,Safe,1.06E-06,D,1.06018E-06
CT,CT-SD-4,D,Likely,-1.06E-06,R,1.05813E-06
CT,CT-HD-11,D,Safe,-1.05E-06,R,1.0536E-06
CT,CT-HD-121,D,Safe,-1.05E-06,R,1.05238E-06
GA,GA-HD-176,R,Safe,1.05E-06,D,1.05132E-06
NV,NV-HD-29,D,Lean,-1.05E-06,R,1.0513E-06
GA,GA-HD-69,R,Safe,1.05E-06,D,1.05036E-06
FL,FL-HD-95,D,Safe,1.05E-06,D,1.04692E-06
CT,CT-HD-133,D,Safe,-1.05E-06,R,1.04632E-06
GA,GA-HD-31,R,Safe,1.05E-06,D,1.0463E-06
NM,NM-SD-31,D,Safe,-1.04E-06,R,1.04411E-06
CT,CT-HD-137,D,Safe,-1.04E-06,R,1.04334E-06
NM,NM-SD-3,D,Safe,-1.04E-06,R,1.04224E-06
FL,FL-HD-87,D,Safe,1.04E-06,D,1.04141E-06
GA,GA-HD-134,R,Safe,1.04E-06,D,1.03545E-06
GA,GA-HD-54,D,Tilt,1.04E-06,D,1.03501E-06
CT,CT-HD-109,D,Safe,-1.03E-06,R,1.03229E-06
MN,MN-HD-26B,R,Lean,-1.03E-06,R,1.02614E-06
KY,KY-HD-96,R,Lean,1.02E-06,D,1.01733E-06
CT,CT-HD-18,D,Safe,-1.02E-06,R,1.01633E-06
NV,NV-HD-34,D,Safe,-1.02E-06,R,1.01619E-06
FL,FL-HD-96,D,Safe,1.01E-06,D,1.00945E-06
GA,GA-HD-7,R,Safe,1.01E-06,D,1.00895E-06
KS,KS-SD-25,D,Safe,1.01E-06,D,1.00828E-06
CT,CT-HD-10,D,Safe,-1.01E-06,R,1.0059E-06
NM,NM-SD-22,D,Safe,-9.99E-07,R,9.9865E-07
CT,CT-HD-96,D,Safe,-9.91E-07,R,9.91457E-07
GA,GA-HD-179,R,Safe,9.90E-07,D,9.90257E-07
NM,NM-SD-14,D,Safe,-9.81E-07,R,9.80641E-07
NM,NM-SD-26,D,Safe,-9.80E-07,R,9.79624E-07
MN,MN-HD-57A,D,Safe,-9.80E-07,R,9.79508E-07
GA,GA-HD-108,D,Tilt,9.78E-07,D,9.78296E-07
GA,GA-HD-9,R,Safe,9.77E-07,D,9.76767E-07
GA,GA-HD-8,R,Safe,9.69E-07,D,9.6886E-07
CT,CT-HD-136,D,Safe,-9.64E-07,R,9.63928E-07
NM,NM-SD-12,D,Safe,-9.55E-07,R,9.55164E-07
NM,NM-SD-24,D,Safe,-9.54E-07,R,9.54495E-07
CT,CT-HD-5,D,Safe,-9.54E-07,R,9.5363E-07
GA,GA-HD-37,D,Tilt,9.51E-07,D,9.51471E-07
KS,KS-SD-13,R,Safe,9.47E-07,D,9.47351E-07
NM,NM-SD-38,D,Safe,-9.47E-07,R,9.47001E-07
KS,KS-SD-17,R,Safe,9.43E-07,D,9.431E-07
CT,CT-HD-12,D,Safe,-9.40E-07,R,9.39654E-07
KY,KY-HD-39,FALSE,Toss-Up,9.39E-07,D,9.39316E-07
GA,GA-HD-166,R,Safe,9.26E-07,D,9.25688E-07
CT,CT-HD-9,D,Safe,-9.22E-07,R,9.2224E-07
NM,NM-SD-4,D,Safe,-9.22E-07,R,9.21939E-07
KY,KY-HD-6,R,Safe,9.20E-07,D,9.19906E-07
FL,FL-HD-107,D,Safe,9.18E-07,D,9.1829E-07
FL,FL-HD-108,D,Safe,9.13E-07,D,9.13242E-07
FL,FL-HD-109,D,Safe,9.10E-07,D,9.1018E-07
NC,NC-SD-10,R,Safe,-9.09E-07,R,9.08784E-07
FL,FL-HD-117,D,Safe,9.09E-07,D,9.08771E-07
KY,KY-HD-72,R,Lean,9.08E-07,D,9.08494E-07
MN,MN-HD-19B,D,Safe,-9.05E-07,R,9.05229E-07
NM,NM-SD-29,R,Lean,-9.03E-07,R,9.0337E-07
CT,CT-HD-41,D,Safe,-9.03E-07,R,9.02834E-07
GA,GA-HD-51,D,Tilt,9.01E-07,D,9.00917E-07
PA,PA-HD-88,R,Safe,-8.99E-07,R,8.99085E-07
NM,NM-SD-16,D,Safe,-8.92E-07,R,8.91683E-07
MN,MN-HD-20B,D,Safe,-8.92E-07,R,8.91609E-07
CT,CT-HD-46,D,Safe,-8.91E-07,R,8.91322E-07
KY,KY-HD-47,R,Lean,8.89E-07,D,8.8886E-07
NM,NM-SD-6,D,Safe,-8.86E-07,R,8.86128E-07
FL,FL-HD-99,D,Safe,8.86E-07,D,8.85875E-07
CT,CT-HD-49,D,Safe,-8.84E-07,R,8.8429E-07
WI,WI-HD-24,R,Lean,8.79E-07,D,8.7867E-07
NM,NM-SD-8,D,Safe,-8.77E-07,R,8.77196E-07
FL,FL-HD-101,D,Safe,8.72E-07,D,8.72404E-07
NM,NM-SD-13,D,Safe,-8.65E-07,R,8.65152E-07
NM,NM-SD-5,D,Safe,-8.61E-07,R,8.61032E-07
CT,CT-HD-19,D,Safe,-8.61E-07,R,8.60983E-07
CT,CT-HD-98,D,Safe,-8.51E-07,R,8.51084E-07
WI,WI-HD-21,R,Likely,8.50E-07,D,8.501E-07
CT,CT-HD-33,D,Safe,-8.48E-07,R,8.48288E-07
FL,FL-HD-92,D,Safe,8.45E-07,D,8.44787E-07
FL,FL-HD-46,D,Safe,8.39E-07,D,8.38597E-07
CT,CT-HD-91,D,Safe,-8.33E-07,R,8.32735E-07
FL,FL-HD-62,D,Safe,8.30E-07,D,8.30308E-07
NC,NC-SD-7,R,Tilt,-8.20E-07,R,8.19918E-07
NC,NC-SD-46,R,Safe,-8.19E-07,R,8.18817E-07
KS,KS-SD-11,R,Safe,8.18E-07,D,8.17663E-07
NC,NC-SD-35,R,Safe,-8.15E-07,R,8.15101E-07
KY,KY-HD-58,R,Safe,8.13E-07,D,8.1349E-07
NC,NC-SD-13,R,Safe,-8.12E-07,R,8.11716E-07
NC,NC-SD-42,R,Safe,-8.10E-07,R,8.10369E-07
FL,FL-HD-102,D,Safe,8.10E-07,D,8.10143E-07
KY,KY-HD-73,R,Safe,8.09E-07,D,8.08562E-07
CT,CT-HD-88,D,Safe,-8.05E-07,R,8.04681E-07
FL,FL-HD-94,D,Safe,7.96E-07,D,7.95897E-07
PA,PA-HD-58,R,Safe,-7.93E-07,R,7.93044E-07
NC,NC-SD-29,R,Safe,-7.91E-07,R,7.9071E-07
FL,FL-HD-97,D,Safe,7.88E-07,D,7.88295E-07
MN,MN-HD-04B,D,Safe,-7.88E-07,R,7.88107E-07
FL,FL-HD-88,D,Safe,7.84E-07,D,7.84248E-07
NC,NC-SD-47,R,Safe,-7.82E-07,R,7.82273E-07
NC,NC-SD-12,R,Safe,-7.81E-07,R,7.81297E-07
PA,PA-SD-19,D,Safe,-7.79E-07,R,7.79154E-07
NC,NC-SD-44,R,Safe,-7.74E-07,R,7.74224E-07
MN,MN-HD-38A,R,Likely,-7.72E-07,R,7.72019E-07
KY,KY-HD-33,FALSE,Toss-Up,7.72E-07,D,7.7154E-07
FL,FL-HD-98,D,Safe,7.65E-07,D,7.64745E-07
CT,CT-HD-15,D,Safe,-7.62E-07,R,7.62084E-07
MN,MN-HD-50B,D,Safe,-7.59E-07,R,7.5931E-07
NV,NV-HD-11,D,Safe,-7.58E-07,R,7.58072E-07
NC,NC-SD-48,R,Safe,-7.58E-07,R,7.57911E-07
NC,NC-SD-43,R,Safe,-7.55E-07,R,7.55173E-07
FL,FL-HD-61,D,Safe,7.44E-07,D,7.44005E-07
CT,CT-HD-54,D,Safe,-7.39E-07,R,7.39424E-07
FL,FL-HD-48,D,Safe,7.37E-07,D,7.37205E-07
FL,FL-HD-70,D,Safe,7.37E-07,D,7.36827E-07
NC,NC-SD-36,R,Safe,-7.36E-07,R,7.35964E-07
FL,FL-HD-20,D,Safe,7.33E-07,D,7.3329E-07
PA,PA-HD-52,R,Safe,-7.33E-07,R,7.3253E-07
PA,PA-HD-33,D,Likely,-7.31E-07,R,7.30759E-07
NC,NC-SD-2,R,Safe,-7.29E-07,R,7.29175E-07
FL,FL-HD-13,D,Safe,7.27E-07,D,7.27165E-07
FL,FL-HD-90,D,Safe,7.26E-07,D,7.25998E-07
MN,MN-HD-35A,R,Likely,-7.22E-07,R,7.22162E-07
FL,FL-HD-8,D,Safe,7.19E-07,D,7.18685E-07
NC,NC-SD-45,R,Safe,-7.19E-07,R,7.18544E-07
GA,GA-HD-80,D,Lean,7.17E-07,D,7.17489E-07
NC,NC-SD-24,R,Tilt,-7.16E-07,R,7.16466E-07
NC,NC-SD-30,R,Safe,-7.12E-07,R,7.11829E-07
CT,CT-SD-29,D,Likely,-7.10E-07,R,7.09906E-07
FL,FL-HD-45,D,Safe,7.08E-07,D,7.07848E-07
NC,NC-SD-34,R,Safe,-7.06E-07,R,7.06331E-07
NC,NC-SD-25,R,Safe,-7.06E-07,R,7.05887E-07
NC,NC-SD-50,R,Safe,-7.02E-07,R,7.02498E-07
SC,SC-SD-23,R,Safe,7.02E-07,D,7.01642E-07
FL,FL-HD-14,D,Safe,6.97E-07,D,6.96717E-07
NM,NM-SD-25,D,Safe,-6.93E-07,R,6.93137E-07
CT,CT-SD-16,R,Safe,-6.88E-07,R,6.88011E-07
NV,NV-HD-28,D,Safe,-6.87E-07,R,6.87274E-07
NC,NC-SD-6,R,Safe,-6.87E-07,R,6.8717E-07
CT,CT-SD-34,R,Safe,-6.86E-07,R,6.86421E-07
GA,GA-HD-132,D,Tilt,6.85E-07,D,6.84725E-07
NC,NC-SD-33,R,Safe,-6.85E-07,R,6.8462E-07
SC,SC-SD-12,R,Safe,6.82E-07,D,6.81897E-07
CT,CT-SD-21,R,Safe,-6.81E-07,R,6.80965E-07
SC,SC-SD-6,R,Safe,6.81E-07,D,6.80613E-07
SC,SC-SD-4,R,Safe,6.76E-07,D,6.75827E-07
NV,NV-HD-8,D,Safe,-6.75E-07,R,6.74862E-07
KY,KY-HD-19,R,Safe,6.74E-07,D,6.73883E-07
FL,FL-HD-43,D,Safe,6.67E-07,D,6.67308E-07
MN,MN-HD-42A,D,Safe,-6.66E-07,R,6.66489E-07
KY,KY-HD-21,R,Safe,6.54E-07,D,6.54329E-07
PA,PA-HD-12,R,Safe,-6.54E-07,R,6.53918E-07
NC,NC-SD-26,R,Safe,-6.53E-07,R,6.53093E-07
SC,SC-SD-25,R,Safe,6.53E-07,D,6.52985E-07
OR,OR-HD-9,FALSE,Toss-Up,-6.51E-07,R,6.50846E-07
OR,OR-HD-21,D,Safe,-6.49E-07,R,6.48965E-07
SC,SC-SD-5,R,Safe,6.46E-07,D,6.45992E-07
NV,NV-HD-6,D,Safe,-6.45E-07,R,6.45409E-07
MN,MN-HD-25A,R,Likely,-6.43E-07,R,6.42997E-07
SC,SC-SD-18,R,Safe,6.40E-07,D,6.40058E-07
CT,CT-SD-31,R,Safe,-6.39E-07,R,6.38824E-07
KS,KS-SD-19,D,Safe,6.32E-07,D,6.32341E-07
FL,FL-HD-49,D,Safe,6.29E-07,D,6.28874E-07
PA,PA-HD-163,D,Safe,-6.25E-07,R,6.24684E-07
SC,SC-SD-15,R,Safe,6.13E-07,D,6.13142E-07
FL,FL-SD-3,D,Safe,6.12E-07,D,6.11952E-07
SC,SC-SD-14,R,Safe,6.12E-07,D,6.11833E-07
MN,MN-HD-43A,D,Safe,-6.06E-07,R,6.06241E-07
OR,OR-HD-47,D,Safe,-6.02E-07,R,6.02451E-07
GA,GA-HD-95,D,Lean,6.02E-07,D,6.02433E-07
GA,GA-HD-79,D,Lean,5.98E-07,D,5.98312E-07
SC,SC-SD-38,R,Safe,5.96E-07,D,5.96033E-07
NV,NV-HD-4,D,Tilt,-5.93E-07,R,5.92732E-07
NC,NC-SD-8,R,Safe,-5.90E-07,R,5.89645E-07
KY,KY-HD-90,R,Safe,5.85E-07,D,5.8458E-07
KY,KY-HD-4,R,Safe,5.83E-07,D,5.83087E-07
SC,SC-SD-46,R,Safe,5.81E-07,D,5.80682E-07
SC,SC-SD-37,R,Safe,5.70E-07,D,5.6976E-07
NV,NV-HD-37,D,Tilt,-5.66E-07,R,5.66034E-07
FL,FL-SD-19,D,Safe,5.65E-07,D,5.64914E-07
KY,KY-HD-27,R,Tilt,5.59E-07,D,5.59341E-07
FL,FL-SD-13,D,Safe,5.58E-07,D,5.58091E-07
PA,PA-HD-81,R,Safe,-5.47E-07,R,5.46586E-07
FL,FL-SD-15,D,Safe,5.45E-07,D,5.45358E-07
KY,KY-HD-95,FALSE,Toss-Up,5.44E-07,D,5.44171E-07
OR,OR-HD-28,D,Safe,-5.41E-07,R,5.41452E-07
NV,NV-HD-14,D,Safe,-5.36E-07,R,5.35596E-07
OR,OR-HD-30,D,Safe,-5.35E-07,R,5.34976E-07
CT,CT-SD-32,R,Safe,-5.31E-07,R,5.30528E-07
PA,PA-HD-171,R,Safe,-5.30E-07,R,5.30346E-07
NV,NV-HD-16,D,Safe,-5.26E-07,R,5.25827E-07
OR,OR-HD-35,D,Safe,-5.20E-07,R,5.20086E-07
KY,KY-HD-23,R,Safe,5.17E-07,D,5.16547E-07
PA,PA-HD-115,D,Safe,-5.14E-07,R,5.14283E-07
KY,KY-HD-13,FALSE,Toss-Up,5.12E-07,D,5.11687E-07
PA,PA-HD-161,D,Safe,-5.11E-07,R,5.11076E-07
NV,NV-HD-15,D,Safe,-5.10E-07,R,5.0985E-07
PA,PA-HD-31,D,Safe,-5.08E-07,R,5.08145E-07
MN,MN-HD-42B,D,Safe,-5.07E-07,R,5.06994E-07
KY,KY-HD-89,R,Safe,5.06E-07,D,5.06204E-07
OR,OR-HD-12,D,Safe,-5.05E-07,R,5.05428E-07
NV,NV-SD-15,R,Lean,-5.02E-07,R,5.02499E-07
KY,KY-HD-53,R,Safe,5.02E-07,D,5.02364E-07
OR,OR-HD-27,D,Safe,-5.02E-07,R,5.02251E-07
KY,KY-HD-51,R,Safe,4.99E-07,D,4.99122E-07
SC,SC-SD-34,R,Safe,4.86E-07,D,4.85664E-07
OR,OR-HD-13,D,Safe,-4.85E-07,R,4.84726E-07
OR,OR-HD-33,D,Safe,-4.84E-07,R,4.8354E-07
NV,NV-HD-10,D,Safe,-4.79E-07,R,4.7879E-07
PA,PA-HD-150,D,Safe,-4.75E-07,R,4.75319E-07
NV,NV-HD-42,D,Safe,-4.69E-07,R,4.69034E-07
OR,OR-HD-38,D,Safe,-4.67E-07,R,4.67373E-07
OR,OR-HD-41,D,Safe,-4.66E-07,R,4.66127E-07
OR,OR-HD-44,D,Safe,-4.64E-07,R,4.6394E-07
WI,WI-SD-18,R,Likely,4.61E-07,D,4.60971E-07
OR,OR-HD-31,D,Safe,-4.57E-07,R,4.57031E-07
KY,KY-HD-54,R,Safe,4.56E-07,D,4.56237E-07
NM,NM-SD-21,R,Likely,-4.55E-07,R,4.54866E-07
OR,OR-HD-16,D,Safe,-4.54E-07,R,4.5354E-07
NV,NV-HD-7,D,Safe,-4.48E-07,R,4.48029E-07
KY,KY-HD-5,R,Safe,4.43E-07,D,4.43061E-07
OR,OR-HD-5,D,Safe,-4.35E-07,R,4.34844E-07
FL,FL-SD-37,D,Safe,4.34E-07,D,4.34243E-07
WI,WI-HD-97,R,Likely,4.29E-07,D,4.28935E-07
WI,WI-HD-82,R,Likely,4.28E-07,D,4.28012E-07
MN,MN-HD-58A,R,Likely,-4.24E-07,R,4.23565E-07
OR,OR-HD-36,D,Safe,-4.22E-07,R,4.2158E-07
MN,MN-HD-11A,D,Safe,-4.16E-07,R,4.15994E-07
KY,KY-HD-48,FALSE,Toss-Up,4.13E-07,D,4.12941E-07
NC,NC-SD-1,R,Tilt,-4.11E-07,R,4.11376E-07
KY,KY-HD-64,R,Safe,4.11E-07,D,4.1136E-07
NV,NV-HD-30,D,Safe,-4.07E-07,R,4.06879E-07
OR,OR-HD-8,D,Safe,-4.07E-07,R,4.06732E-07
WI,WI-SD-6,D,Safe,4.04E-07,D,4.0416E-07
GA,GA-SD-45,R,Safe,4.02E-07,D,4.01634E-07
KY,KY-HD-66,R,Safe,3.95E-07,D,3.94703E-07
PA,PA-HD-116,R,Safe,-3.90E-07,R,3.90361E-07
PA,PA-HD-8,R,Safe,-3.89E-07,R,3.89499E-07
KY,KY-HD-68,R,Safe,3.85E-07,D,3.85179E-07
PA,PA-HD-17,R,Safe,-3.80E-07,R,3.80299E-07
KY,KY-HD-36,R,Safe,3.78E-07,D,3.77675E-07
PA,PA-HD-139,R,Safe,-3.78E-07,R,3.77632E-07
PA,PA-HD-124,R,Safe,-3.74E-07,R,3.73608E-07
KY,KY-HD-70,FALSE,Toss-Up,3.70E-07,D,3.69794E-07
PA,PA-HD-84,R,Safe,-3.68E-07,R,3.67903E-07
KS,KS-SD-38,R,Safe,3.67E-07,D,3.66764E-07
GA,GA-SD-32,R,Safe,3.64E-07,D,3.64158E-07
OR,OR-HD-54,FALSE,Toss-Up,-3.62E-07,R,3.61818E-07
WI,WI-SD-4,D,Safe,3.62E-07,D,3.61675E-07
PA,PA-HD-6,R,Safe,-3.58E-07,R,3.58333E-07
GA,GA-SD-56,R,Lean,3.57E-07,D,3.57267E-07
PA,PA-HD-11,R,Safe,-3.55E-07,R,3.55127E-07
GA,GA-SD-9,R,Lean,3.55E-07,D,3.55112E-07
PA,PA-HD-5,R,Safe,-3.55E-07,R,3.55003E-07
PA,PA-HD-25,D,Safe,-3.55E-07,R,3.54581E-07
PA,PA-HD-14,R,Safe,-3.55E-07,R,3.54568E-07
PA,PA-HD-106,R,Safe,-3.54E-07,R,3.54466E-07
PA,PA-HD-109,R,Safe,-3.54E-07,R,3.54429E-07
PA,PA-HD-79,R,Safe,-3.53E-07,R,3.5305E-07
PA,PA-HD-99,R,Safe,-3.51E-07,R,3.51482E-07
PA,PA-HD-75,R,Safe,-3.51E-07,R,3.51086E-07
PA,PA-HD-10,R,Safe,-3.45E-07,R,3.44689E-07
PA,PA-HD-83,R,Safe,-3.42E-07,R,3.42369E-07
KY,KY-HD-81,FALSE,Toss-Up,3.41E-07,D,3.40564E-07
PA,PA-HD-101,R,Safe,-3.39E-07,R,3.39373E-07
PA,PA-HD-37,R,Safe,-3.38E-07,R,3.38377E-07
PA,PA-HD-92,R,Safe,-3.33E-07,R,3.32509E-07
MN,MN-HD-03B,D,Safe,-3.32E-07,R,3.32424E-07
PA,PA-HD-128,R,Safe,-3.30E-07,R,3.3E-07
KS,KS-SD-16,R,Safe,3.30E-07,D,3.29502E-07
PA,PA-HD-98,R,Safe,-3.29E-07,R,3.29105E-07
NV,NV-HD-17,D,Safe,-3.29E-07,R,3.28807E-07
KY,KY-HD-100,FALSE,Toss-Up,3.28E-07,D,3.27679E-07
PA,PA-HD-130,R,Safe,-3.27E-07,R,3.27176E-07
PA,PA-HD-102,R,Safe,-3.27E-07,R,3.27094E-07
FL,FL-SD-31,D,Safe,3.27E-07,D,3.26993E-07
IN,IN-HD-59,R,Safe,3.26E-07,D,3.26223E-07
PA,PA-HD-129,R,Safe,-3.26E-07,R,3.25804E-07
NV,NV-HD-27,D,Safe,-3.24E-07,R,3.2372E-07
GA,GA-HD-40,D,Lean,3.24E-07,D,3.23516E-07
MN,MN-HD-43B,D,Safe,-3.23E-07,R,3.22991E-07
GA,GA-SD-17,R,Likely,3.21E-07,D,3.21021E-07
WI,WI-SD-10,R,Likely,3.17E-07,D,3.17379E-07
PA,PA-HD-187,R,Safe,-3.15E-07,R,3.15488E-07
IN,IN-HD-90,R,Safe,3.15E-07,D,3.14845E-07
MN,MN-HD-62A,D,Safe,-3.11E-07,R,3.1131E-07
MN,MN-HD-40B,D,Safe,-3.11E-07,R,3.10722E-07
WI,WI-SD-8,R,Likely,3.10E-07,D,3.10007E-07
MN,MN-HD-53A,D,Safe,-3.10E-07,R,3.09718E-07
IN,IN-HD-20,R,Safe,3.09E-07,D,3.08974E-07
IN,IN-HD-42,R,Safe,3.06E-07,D,3.05938E-07
PA,PA-HD-36,D,Safe,-3.03E-07,R,3.02539E-07
KY,KY-HD-11,FALSE,Toss-Up,3.00E-07,D,3.00448E-07
WI,WI-SD-16,D,Safe,3.00E-07,D,3.00219E-07
IN,IN-HD-75,R,Safe,2.99E-07,D,2.98792E-07
WI,WI-HD-28,R,Safe,2.98E-07,D,2.98287E-07
IN,IN-HD-60,R,Safe,2.98E-07,D,2.98113E-07
WI,WI-HD-26,R,Safe,2.95E-07,D,2.95191E-07
CT,CT-SD-9,D,Safe,-2.95E-07,R,2.95002E-07
WI,WI-HD-42,R,Safe,2.94E-07,D,2.94048E-07
NC,NC-SD-22,D,Safe,2.93E-07,D,2.93057E-07
CT,CT-SD-19,D,Safe,-2.93E-07,R,2.92907E-07
MN,MN-HD-40A,D,Safe,-2.92E-07,R,2.92176E-07
IN,IN-HD-62,R,Safe,2.92E-07,D,2.91918E-07
MN,MN-HD-06A,D,Safe,-2.89E-07,R,2.89074E-07
MN,MN-HD-67A,D,Safe,-2.88E-07,R,2.88218E-07
PA,PA-HD-177,D,Safe,-2.87E-07,R,2.86952E-07
KS,KS-SD-12,R,Safe,2.86E-07,D,2.86353E-07
WI,WI-HD-3,R,Safe,2.85E-07,D,2.85302E-07
WI,WI-HD-68,R,Safe,2.85E-07,D,2.85179E-07
WI,WI-HD-75,R,Safe,2.85E-07,D,2.84905E-07
WI,WI-HD-50,R,Safe,2.85E-07,D,2.84884E-07
MN,MN-HD-11B,R,Safe,-2.84E-07,R,2.84479E-07
NC,NC-SD-4,D,Safe,2.84E-07,D,2.83588E-07
MN,MN-HD-28B,R,Safe,-2.83E-07,R,2.83444E-07
MN,MN-HD-65A,D,Safe,-2.82E-07,R,2.82395E-07
MN,MN-HD-62B,D,Safe,-2.82E-07,R,2.82296E-07
WI,WI-HD-72,R,Safe,2.82E-07,D,2.81585E-07
WI,WI-HD-38,R,Safe,2.80E-07,D,2.79886E-07
IN,IN-HD-39,R,Safe,2.79E-07,D,2.79175E-07
NC,NC-SD-38,D,Safe,2.78E-07,D,2.77812E-07
NC,NC-SD-21,D,Safe,2.78E-07,D,2.77749E-07
WI,WI-HD-49,R,Safe,2.77E-07,D,2.76727E-07
WI,WI-HD-29,R,Safe,2.75E-07,D,2.74571E-07
CT,CT-SD-22,D,Safe,-2.74E-07,R,2.74482E-07
NC,NC-SD-41,D,Safe,2.74E-07,D,2.7389E-07
KY,KY-HD-88,D,Tilt,2.74E-07,D,2.73764E-07
MN,MN-HD-17A,R,Safe,-2.73E-07,R,2.73134E-07
WI,WI-HD-2,R,Safe,2.73E-07,D,2.72985E-07
MN,MN-HD-66B,D,Safe,-2.73E-07,R,2.72578E-07
IN,IN-HD-37,R,Safe,2.71E-07,D,2.71208E-07
NC,NC-SD-32,D,Safe,2.71E-07,D,2.70662E-07
MN,MN-HD-51B,D,Safe,-2.69E-07,R,2.68864E-07
MN,MN-HD-51A,D,Safe,-2.68E-07,R,2.67612E-07
KS,KS-SD-4,D,Safe,2.67E-07,D,2.6731E-07
KS,KS-SD-6,D,Safe,2.66E-07,D,2.65575E-07
MN,MN-HD-41A,D,Safe,-2.65E-07,R,2.65494E-07
MN,MN-HD-50A,D,Safe,-2.65E-07,R,2.64888E-07
NC,NC-SD-49,D,Safe,2.64E-07,D,2.64199E-07
IN,IN-HD-11,R,Safe,2.64E-07,D,2.63637E-07
MN,MN-HD-67B,D,Safe,-2.63E-07,R,2.63066E-07
KS,KS-SD-29,D,Safe,2.62E-07,D,2.61549E-07
KS,KS-SD-40,R,Safe,2.61E-07,D,2.60879E-07
NC,NC-SD-39,D,Safe,2.58E-07,D,2.58179E-07
IN,IN-HD-88,R,Likely,2.57E-07,D,2.57235E-07
NC,NC-SD-5,D,Safe,2.57E-07,D,2.56934E-07
PA,PA-SD-11,D,Safe,-2.57E-07,R,2.56745E-07
WI,WI-HD-32,R,Safe,2.54E-07,D,2.54066E-07
MN,MN-HD-59A,D,Safe,-2.54E-07,R,2.53831E-07
KS,KS-SD-34,R,Safe,2.52E-07,D,2.52152E-07
NC,NC-SD-23,D,Safe,2.50E-07,D,2.49996E-07
KY,KY-HD-10,FALSE,Toss-Up,2.49E-07,D,2.49491E-07
PA,PA-SD-17,D,Safe,-2.48E-07,R,2.48258E-07
MN,MN-HD-45A,D,Safe,-2.47E-07,R,2.47056E-07
MN,MN-HD-23B,R,Safe,-2.46E-07,R,2.46189E-07
WI,WI-HD-31,R,Safe,2.45E-07,D,2.45174E-07
NC,NC-SD-40,D,Safe,2.45E-07,D,2.44923E-07
NC,NC-SD-14,D,Safe,2.44E-07,D,2.4434E-07
IN,IN-HD-58,R,Safe,2.43E-07,D,2.43496E-07
GA,GA-SD-8,R,Safe,2.43E-07,D,2.42695E-07
MN,MN-HD-41B,D,Safe,-2.43E-07,R,2.42568E-07
MN,MN-HD-63A,D,Safe,-2.42E-07,R,2.41873E-07
MN,MN-HD-02B,R,Safe,-2.41E-07,R,2.40669E-07
MN,MN-HD-64B,D,Safe,-2.38E-07,R,2.3842E-07
KS,KS-SD-37,R,Safe,2.38E-07,D,2.37545E-07
MN,MN-HD-52A,D,Safe,-2.36E-07,R,2.35865E-07
SC,SC-SD-10,D,Lean,2.35E-07,D,2.35475E-07
NC,NC-SD-20,D,Safe,2.35E-07,D,2.35374E-07
MN,MN-HD-45B,D,Safe,-2.33E-07,R,2.33389E-07
MN,MN-HD-32B,R,Safe,-2.33E-07,R,2.32899E-07
MN,MN-HD-65B,D,Safe,-2.33E-07,R,2.32599E-07
MN,MN-HD-61B,D,Safe,-2.32E-07,R,2.32347E-07
MN,MN-HD-63B,D,Safe,-2.32E-07,R,2.31944E-07
MN,MN-HD-49B,D,Safe,-2.31E-07,R,2.30682E-07
MN,MN-HD-46B,D,Safe,-2.31E-07,R,2.30523E-07
MN,MN-HD-44B,D,Safe,-2.30E-07,R,2.30016E-07
MN,MN-HD-64A,D,Safe,-2.29E-07,R,2.29357E-07
IL,IL-HD-60,D,Safe,-2.28E-07,R,2.27928E-07
MN,MN-HD-60A,D,Safe,-2.28E-07,R,2.27911E-07
IN,IN-HD-21,R,Safe,2.26E-07,D,2.26471E-07
MN,MN-HD-03A,D,Safe,-2.26E-07,R,2.26346E-07
MN,MN-HD-04A,D,Safe,-2.26E-07,R,2.25844E-07
NV,NV-SD-18,R,Likely,-2.26E-07,R,2.25541E-07
MN,MN-HD-27A,R,Safe,-2.25E-07,R,2.24671E-07
MN,MN-HD-66A,D,Safe,-2.23E-07,R,2.23425E-07
CT,CT-SD-23,D,Safe,-2.23E-07,R,2.23088E-07
MN,MN-HD-07B,D,Safe,-2.23E-07,R,2.22506E-07
KS,KS-SD-27,R,Safe,2.22E-07,D,2.21904E-07
MN,MN-HD-24B,R,Safe,-2.21E-07,R,2.21322E-07
NC,NC-SD-16,D,Safe,2.20E-07,D,2.2025E-07
IL,IL-HD-83,D,Safe,-2.20E-07,R,2.2011E-07
IL,IL-HD-77,D,Safe,-2.20E-07,R,2.19767E-07
MN,MN-HD-21A,R,Safe,-2.20E-07,R,2.19556E-07
MN,MN-HD-02A,R,Safe,-2.19E-07,R,2.18892E-07
NC,NC-SD-28,D,Safe,2.19E-07,D,2.18515E-07
MN,MN-HD-59B,D,Safe,-2.18E-07,R,2.17617E-07
IN,IN-HD-33,R,Safe,2.15E-07,D,2.15476E-07
MN,MN-HD-14B,D,Safe,-2.15E-07,R,2.15133E-07
MN,MN-HD-46A,D,Safe,-2.14E-07,R,2.13596E-07
MN,MN-HD-07A,D,Safe,-2.12E-07,R,2.12098E-07
MN,MN-HD-13A,R,Safe,-2.12E-07,R,2.11724E-07
NV,NV-HD-2,FALSE,Toss-Up,-2.10E-07,R,2.1034E-07
PA,PA-HD-127,D,Safe,-2.10E-07,R,2.09649E-07
FL,FL-SD-33,D,Safe,2.03E-07,D,2.03148E-07
MN,MN-HD-12A,R,Safe,-2.02E-07,R,2.01863E-07
MN,MN-HD-61A,D,Safe,-2.00E-07,R,1.99754E-07
IN,IN-HD-29,R,Safe,1.98E-07,D,1.9846E-07
NC,NC-SD-15,D,Safe,1.98E-07,D,1.98278E-07
MN,MN-HD-39A,R,Safe,-1.96E-07,R,1.96358E-07
NC,NC-SD-37,D,Safe,1.96E-07,D,1.96066E-07
MN,MN-HD-06B,D,Safe,-1.95E-07,R,1.95474E-07
CT,CT-SD-1,D,Safe,-1.93E-07,R,1.92603E-07
CT,CT-SD-10,D,Safe,-1.89E-07,R,1.88667E-07
FL,FL-SD-35,D,Safe,1.86E-07,D,1.86004E-07
MN,MN-HD-24A,R,Safe,-1.86E-07,R,1.85531E-07
GA,GA-HD-107,D,Likely,1.85E-07,D,1.85449E-07
GA,GA-HD-59,D,Likely,1.84E-07,D,1.84068E-07
PA,PA-HD-172,D,Safe,-1.84E-07,R,1.83827E-07
MN,MN-HD-23A,R,Safe,-1.84E-07,R,1.83678E-07
PA,PA-HD-184,D,Safe,-1.83E-07,R,1.83435E-07
IN,IN-HD-49,R,Safe,1.83E-07,D,1.82713E-07
WI,WI-HD-70,R,Safe,1.82E-07,D,1.81808E-07
IL,IL-HD-85,D,Safe,-1.81E-07,R,1.80832E-07
MN,MN-HD-34A,R,Safe,-1.79E-07,R,1.79092E-07
IN,IN-HD-93,R,Safe,1.78E-07,D,1.77819E-07
MN,MN-HD-10A,R,Safe,-1.77E-07,R,1.77126E-07
CT,CT-SD-27,D,Safe,-1.77E-07,R,1.76971E-07
IN,IN-HD-17,R,Safe,1.76E-07,D,1.7579E-07
IL,IL-HD-17,D,Safe,-1.76E-07,R,1.75594E-07
WI,WI-HD-56,R,Safe,1.75E-07,D,1.74881E-07
IN,IN-HD-51,R,Safe,1.74E-07,D,1.73661E-07
IN,IN-HD-48,R,Safe,1.73E-07,D,1.73038E-07
IN,IN-HD-38,R,Safe,1.73E-07,D,1.72798E-07
IN,IN-HD-16,R,Safe,1.71E-07,D,1.71003E-07
PA,PA-HD-190,D,Safe,-1.71E-07,R,1.70937E-07
IN,IN-HD-91,R,Safe,1.71E-07,D,1.70657E-07
IN,IN-HD-63,R,Safe,1.70E-07,D,1.702E-07
IN,IN-HD-22,R,Safe,1.70E-07,D,1.70004E-07
IN,IN-HD-25,R,Safe,1.69E-07,D,1.68854E-07
WI,WI-HD-52,R,Safe,1.68E-07,D,1.67645E-07
CT,CT-SD-3,D,Safe,-1.67E-07,R,1.66522E-07
WI,WI-HD-34,R,Safe,1.65E-07,D,1.65203E-07
PA,PA-HD-159,D,Safe,-1.65E-07,R,1.64875E-07
IN,IN-HD-69,R,Safe,1.65E-07,D,1.64725E-07
IN,IN-HD-24,R,Safe,1.65E-07,D,1.64579E-07
WI,WI-HD-63,R,Safe,1.64E-07,D,1.63808E-07
IN,IN-HD-64,R,Safe,1.64E-07,D,1.63686E-07
IN,IN-HD-85,R,Safe,1.64E-07,D,1.63525E-07
WI,WI-HD-33,R,Safe,1.63E-07,D,1.63206E-07
IN,IN-HD-18,R,Safe,1.63E-07,D,1.62948E-07
PA,PA-HD-74,D,Safe,-1.62E-07,R,1.62184E-07
IL,IL-HD-35,D,Safe,-1.62E-07,R,1.62064E-07
IN,IN-HD-83,R,Safe,1.62E-07,D,1.619E-07
IN,IN-HD-30,R,Safe,1.61E-07,D,1.61208E-07
IN,IN-HD-50,R,Safe,1.61E-07,D,1.60932E-07
IN,IN-HD-65,R,Safe,1.60E-07,D,1.60429E-07
IN,IN-HD-32,R,Safe,1.60E-07,D,1.60249E-07
WI,WI-HD-35,R,Safe,1.60E-07,D,1.59963E-07
CT,CT-SD-11,D,Safe,-1.60E-07,R,1.59795E-07
IN,IN-HD-78,R,Safe,1.59E-07,D,1.59378E-07
IN,IN-HD-40,R,Safe,1.59E-07,D,1.5932E-07
FL,FL-SD-11,D,Safe,1.59E-07,D,1.58657E-07
PA,PA-HD-182,D,Safe,-1.58E-07,R,1.57906E-07
FL,FL-SD-29,D,Safe,1.58E-07,D,1.5763E-07
WI,WI-HD-41,R,Safe,1.58E-07,D,1.57626E-07
PA,PA-HD-95,D,Safe,-1.57E-07,R,1.56825E-07
IN,IN-HD-41,R,Safe,1.57E-07,D,1.56799E-07
CT,CT-SD-15,D,Safe,-1.56E-07,R,1.56032E-07
IL,IL-HD-38,D,Safe,-1.55E-07,R,1.55036E-07
KY,KY-HD-32,D,Lean,1.54E-07,D,1.53989E-07
PA,PA-HD-70,D,Safe,-1.53E-07,R,1.52855E-07
CT,CT-SD-25,D,Safe,-1.53E-07,R,1.52578E-07
WI,WI-HD-67,R,Safe,1.52E-07,D,1.52144E-07
PA,PA-HD-154,D,Safe,-1.52E-07,R,1.52069E-07
PA,PA-HD-141,D,Safe,-1.50E-07,R,1.50192E-07
NM,NM-SD-19,R,Safe,-1.50E-07,R,1.50047E-07
MN,MN-HD-35B,R,Safe,-1.50E-07,R,1.50026E-07
PA,PA-HD-126,D,Safe,-1.49E-07,R,1.49128E-07
PA,PA-HD-140,D,Safe,-1.49E-07,R,1.48969E-07
PA,PA-HD-166,D,Safe,-1.49E-07,R,1.48779E-07
OR,OR-HD-19,R,Likely,-1.49E-07,R,1.48532E-07
WI,WI-SD-14,R,Safe,1.46E-07,D,1.46146E-07
CT,CT-SD-2,D,Safe,-1.46E-07,R,1.45863E-07
WI,WI-HD-6,R,Safe,1.46E-07,D,1.45707E-07
PA,PA-HD-21,D,Safe,-1.45E-07,R,1.45469E-07
GA,GA-SD-27,R,Safe,1.44E-07,D,1.44401E-07
MN,MN-HD-22B,R,Safe,-1.44E-07,R,1.44071E-07
PA,PA-HD-133,D,Safe,-1.43E-07,R,1.4316E-07
PA,PA-HD-135,D,Safe,-1.43E-07,R,1.42646E-07
PA,PA-HD-194,D,Safe,-1.42E-07,R,1.4243E-07
PA,PA-HD-112,D,Safe,-1.42E-07,R,1.42366E-07
WI,WI-HD-25,R,Safe,1.42E-07,D,1.42234E-07
IL,IL-HD-19,D,Safe,-1.41E-07,R,1.41439E-07
PA,PA-HD-113,D,Safe,-1.41E-07,R,1.41103E-07
UT,UT-HD-51,R,Safe,1.40E-07,D,1.40236E-07
UT,UT-HD-14,R,Safe,1.40E-07,D,1.40043E-07
UT,UT-HD-4,R,Safe,1.40E-07,D,1.40011E-07
PA,PA-HD-77,D,Safe,-1.37E-07,R,1.36957E-07
PA,PA-HD-3,D,Safe,-1.37E-07,R,1.36565E-07
MN,MN-HD-58B,R,Safe,-1.36E-07,R,1.365E-07
TX,TX-SD-1,R,Safe,1.36E-07,D,1.3644E-07
PA,PA-HD-45,D,Safe,-1.36E-07,R,1.35852E-07
PA,PA-HD-148,D,Safe,-1.36E-07,R,1.35851E-07
PA,PA-HD-118,D,Safe,-1.36E-07,R,1.35772E-07
IN,IN-HD-81,R,Lean,1.35E-07,D,1.35127E-07
PA,PA-HD-114,D,Safe,-1.35E-07,R,1.34971E-07
IL,IL-HD-72,D,Safe,-1.34E-07,R,1.34153E-07
PA,PA-HD-16,D,Safe,-1.34E-07,R,1.34017E-07
MN,MN-HD-15B,R,Safe,-1.33E-07,R,1.33104E-07
CT,CT-SD-5,D,Safe,-1.32E-07,R,1.32143E-07
GA,GA-SD-30,R,Safe,1.32E-07,D,1.3172E-07
TX,TX-SD-22,R,Safe,1.30E-07,D,1.30132E-07
IN,IN-HD-72,R,Likely,1.30E-07,D,1.29651E-07
TX,TX-SD-18,R,Safe,1.29E-07,D,1.29149E-07
GA,GA-SD-37,R,Safe,1.28E-07,D,1.28456E-07
GA,GA-SD-52,R,Safe,1.28E-07,D,1.28024E-07
TX,TX-SD-24,R,Safe,1.27E-07,D,1.26788E-07
GA,GA-SD-31,R,Safe,1.27E-07,D,1.2657E-07
GA,GA-HD-101,D,Safe,1.26E-07,D,1.26013E-07
OR,OR-HD-6,R,Likely,-1.26E-07,R,1.25756E-07
TX,TX-SD-11,R,Safe,1.25E-07,D,1.25198E-07
TX,TX-SD-4,R,Safe,1.25E-07,D,1.248E-07
IN,IN-HD-76,R,Likely,1.24E-07,D,1.24348E-07
GA,GA-SD-16,R,Safe,1.23E-07,D,1.2287E-07
GA,GA-SD-14,R,Safe,1.22E-07,D,1.22286E-07
GA,GA-SD-13,R,Safe,1.21E-07,D,1.21226E-07
GA,GA-SD-47,R,Safe,1.20E-07,D,1.20316E-07
WI,WI-SD-12,R,Safe,1.20E-07,D,1.20309E-07
GA,GA-SD-50,R,Safe,1.18E-07,D,1.18265E-07
WI,WI-HD-1,R,Safe,1.18E-07,D,1.17949E-07
GA,GA-SD-23,R,Safe,1.17E-07,D,1.17124E-07
WI,WI-HD-40,R,Safe,1.17E-07,D,1.16793E-07
GA,GA-SD-20,R,Safe,1.16E-07,D,1.15612E-07
UT,UT-HD-64,R,Safe,1.16E-07,D,1.15571E-07
UT,UT-HD-21,R,Safe,1.15E-07,D,1.15393E-07
GA,GA-SD-1,R,Safe,1.15E-07,D,1.1534E-07
MN,MN-HD-32A,R,Safe,-1.14E-07,R,1.14149E-07
GA,GA-SD-3,R,Safe,1.14E-07,D,1.13984E-07
TX,TX-SD-12,R,Safe,1.14E-07,D,1.13659E-07
GA,GA-SD-25,R,Safe,1.13E-07,D,1.12792E-07
UT,UT-HD-5,R,Safe,1.11E-07,D,1.11417E-07
GA,GA-SD-46,R,Safe,1.11E-07,D,1.11242E-07
UT,UT-HD-56,R,Safe,1.11E-07,D,1.10938E-07
MN,MN-HD-08B,R,Safe,-1.11E-07,R,1.1086E-07
MN,MN-HD-16B,R,Safe,-1.10E-07,R,1.10332E-07
IL,IL-HD-62,D,Safe,-1.10E-07,R,1.10165E-07
UT,UT-HD-61,R,Safe,1.10E-07,D,1.10111E-07
IL,IL-HD-114,D,Safe,-1.09E-07,R,1.0942E-07
UT,UT-HD-13,R,Safe,1.09E-07,D,1.0921E-07
UT,UT-HD-48,R,Safe,1.08E-07,D,1.08011E-07
GA,GA-SD-51,R,Safe,1.08E-07,D,1.07562E-07
MN,MN-HD-15A,R,Safe,-1.07E-07,R,1.0669E-07
UT,UT-HD-19,R,Safe,1.06E-07,D,1.05879E-07
UT,UT-HD-1,R,Safe,1.05E-07,D,1.0547E-07
UT,UT-HD-68,R,Safe,1.05E-07,D,1.0469E-07
UT,UT-HD-7,R,Safe,1.04E-07,D,1.04082E-07
UT,UT-HD-12,R,Safe,1.04E-07,D,1.03735E-07
UT,UT-HD-17,R,Safe,1.04E-07,D,1.03543E-07
UT,UT-HD-60,R,Safe,1.03E-07,D,1.03032E-07
UT,UT-HD-70,R,Safe,1.03E-07,D,1.02923E-07
UT,UT-HD-16,R,Safe,1.02E-07,D,1.01765E-07
UT,UT-HD-15,R,Safe,1.01E-07,D,1.0088E-07
SC,SC-SD-20,D,Likely,1.01E-07,D,1.00779E-07
MN,MN-HD-10B,R,Safe,-1.00E-07,R,1.0032E-07
UT,UT-HD-41,R,Safe,1.00E-07,D,1.00304E-07
UT,UT-HD-42,R,Safe,1.00E-07,D,1.00028E-07
UT,UT-HD-72,R,Safe,9.96E-08,D,9.95866E-08
WI,WI-HD-39,R,Safe,9.92E-08,D,9.92086E-08
UT,UT-HD-6,R,Safe,9.89E-08,D,9.89257E-08
MN,MN-HD-33A,R,Safe,-9.86E-08,R,9.86238E-08
UT,UT-HD-59,R,Safe,9.84E-08,D,9.83536E-08
UT,UT-HD-75,R,Safe,9.83E-08,D,9.83165E-08
UT,UT-HD-3,R,Safe,9.81E-08,D,9.80881E-08
UT,UT-HD-20,R,Safe,9.72E-08,D,9.72123E-08
UT,UT-HD-58,R,Safe,9.71E-08,D,9.70546E-08
UT,UT-HD-73,R,Safe,9.65E-08,D,9.65077E-08
IN,IN-HD-5,R,Tilt,9.51E-08,D,9.50951E-08
UT,UT-HD-18,R,Safe,9.42E-08,D,9.42456E-08
UT,UT-HD-53,R,Safe,9.42E-08,D,9.41582E-08
MN,MN-HD-21B,R,Safe,-9.39E-08,R,9.38884E-08
WI,WI-HD-15,R,Safe,9.38E-08,D,9.38341E-08
UT,UT-HD-29,R,Safe,9.27E-08,D,9.27312E-08
WI,WI-HD-69,R,Safe,9.24E-08,D,9.24353E-08
SC,SC-SD-17,D,Likely,9.21E-08,D,9.20625E-08
UT,UT-HD-30,R,Likely,9.08E-08,D,9.07563E-08
WI,WI-HD-87,R,Safe,9.07E-08,D,9.07187E-08
UT,UT-HD-74,R,Safe,8.86E-08,D,8.86061E-08
UT,UT-HD-52,R,Safe,8.84E-08,D,8.84137E-08
WI,WI-HD-37,R,Safe,8.79E-08,D,8.79281E-08
MN,MN-HD-17B,R,Safe,-8.78E-08,R,8.78159E-08
WI,WI-SD-28,R,Safe,8.76E-08,D,8.76412E-08
WI,WI-HD-83,R,Safe,8.69E-08,D,8.68694E-08
WI,WI-HD-22,R,Safe,8.69E-08,D,8.68548E-08
WI,WI-HD-93,R,Safe,8.66E-08,D,8.66331E-08
UT,UT-HD-50,R,Safe,8.51E-08,D,8.50745E-08
UT,UT-HD-62,R,Safe,8.43E-08,D,8.42549E-08
WI,WI-HD-89,R,Safe,8.42E-08,D,8.4152E-08
MN,MN-HD-29B,R,Safe,-8.40E-08,R,8.39591E-08
WI,WI-HD-53,R,Safe,8.25E-08,D,8.24599E-08
UT,UT-HD-63,R,Safe,8.13E-08,D,8.13225E-08
MN,MN-HD-20A,R,Safe,-7.96E-08,R,7.96049E-08
MN,MN-HD-30A,R,Safe,-7.92E-08,R,7.91621E-08
MN,MN-HD-09A,R,Safe,-7.60E-08,R,7.59963E-08
MN,MN-HD-08A,R,Safe,-7.37E-08,R,7.36976E-08
UT,UT-HD-39,R,Likely,7.34E-08,D,7.34142E-08
IN,IN-HD-4,R,Lean,7.18E-08,D,7.17775E-08
MN,MN-HD-22A,R,Safe,-7.10E-08,R,7.10005E-08
MN,MN-HD-01B,R,Safe,-7.05E-08,R,7.05E-08
MN,MN-HD-09B,R,Safe,-7.01E-08,R,7.01042E-08
GA,GA-HD-105,D,Safe,6.94E-08,D,6.94137E-08
KY,KY-HD-37,D,Likely,6.83E-08,D,6.82834E-08
MN,MN-HD-12B,R,Safe,-6.75E-08,R,6.75199E-08
MN,MN-HD-01A,R,Safe,-6.74E-08,R,6.73784E-08
SC,SC-SD-11,D,Likely,6.71E-08,D,6.71478E-08
MN,MN-HD-18B,R,Safe,-6.67E-08,R,6.67013E-08
MN,MN-HD-31A,R,Safe,-6.54E-08,R,6.53696E-08
MN,MN-HD-31B,R,Safe,-6.45E-08,R,6.44754E-08
SC,SC-SD-27,D,Likely,6.44E-08,D,6.4442E-08
MN,MN-HD-29A,R,Safe,-6.40E-08,R,6.39828E-08
MN,MN-HD-16A,R,Safe,-6.36E-08,R,6.35964E-08
MN,MN-HD-55B,R,Safe,-6.11E-08,R,6.10847E-08
MN,MN-HD-47A,R,Safe,-5.92E-08,R,5.92199E-08
TX,TX-SD-19,D,Lean,5.83E-08,D,5.83298E-08
MA,MA-HD-1st Suffolk,D,Safe,-5.56E-08,R,5.55834E-08
MN,MN-HD-30B,R,Safe,-5.55E-08,R,5.55459E-08
MA,MA-HD-7th Middlesex,D,Safe,-5.40E-08,R,5.40269E-08
MA,MA-HD-11th Essex,D,Safe,-5.38E-08,R,5.38172E-08
MA,MA-HD-17th Essex,D,Safe,-5.35E-08,R,5.35001E-08
MN,MN-HD-13B,R,Safe,-5.26E-08,R,5.25779E-08
TN,TN-HD-76,R,Safe,5.16E-08,D,5.15827E-08
MA,MA-HD-9th Plymouth,D,Safe,-5.12E-08,R,5.12364E-08
MA,MA-HD-16th Essex,D,Safe,-5.11E-08,R,5.1117E-08
TN,TN-HD-36,R,Safe,5.10E-08,D,5.0954E-08
TN,TN-HD-20,R,Safe,5.05E-08,D,5.04929E-08
NM,NM-SD-7,R,Safe,-5.01E-08,R,5.00949E-08
GA,GA-HD-85,D,Safe,5.00E-08,D,5.00105E-08
TN,TN-HD-65,R,Safe,4.99E-08,D,4.98896E-08
NM,NM-SD-34,R,Safe,-4.97E-08,R,4.97065E-08
KY,KY-HD-56,D,Likely,4.94E-08,D,4.93897E-08
MA,MA-HD-10th Essex,D,Safe,-4.93E-08,R,4.9294E-08
OR,OR-HD-23,R,Safe,-4.93E-08,R,4.9288E-08
TN,TN-HD-66,R,Safe,4.93E-08,D,4.92674E-08
TN,TN-HD-17,R,Safe,4.92E-08,D,4.9249E-08
TN,TN-HD-6,R,Safe,4.90E-08,D,4.89992E-08
TN,TN-HD-4,R,Safe,4.89E-08,D,4.88829E-08
TN,TN-HD-24,R,Safe,4.86E-08,D,4.86295E-08
UT,UT-HD-45,R,Lean,4.83E-08,D,4.82628E-08
NM,NM-SD-42,R,Safe,-4.80E-08,R,4.79772E-08
TN,TN-HD-2,R,Safe,4.79E-08,D,4.79271E-08
TN,TN-HD-95,R,Safe,4.78E-08,D,4.77696E-08
TN,TN-HD-12,R,Safe,4.76E-08,D,4.76235E-08
TN,TN-HD-8,R,Safe,4.76E-08,D,4.76173E-08
MA,MA-HD-33rd Middlesex,D,Safe,-4.76E-08,R,4.7614E-08
NM,NM-SD-33,R,Safe,-4.76E-08,R,4.7569E-08
TN,TN-HD-61,R,Safe,4.75E-08,D,4.74759E-08
TN,TN-HD-75,R,Safe,4.75E-08,D,4.7459E-08
MA,MA-HD-28th Middlesex,D,Safe,-4.73E-08,R,4.73183E-08
GA,GA-HD-41,D,Safe,4.72E-08,D,4.72309E-08
TN,TN-HD-71,R,Safe,4.71E-08,D,4.71157E-08
KY,KY-HD-67,D,Safe,4.71E-08,D,4.70561E-08
TN,TN-HD-14,R,Safe,4.68E-08,D,4.6806E-08
OR,OR-HD-39,R,Safe,-4.67E-08,R,4.67014E-08
MA,MA-HD-15th Worcester,D,Safe,-4.66E-08,R,4.66234E-08
OR,OR-HD-24,R,Safe,-4.66E-08,R,4.65838E-08
TN,TN-HD-16,R,Safe,4.64E-08,D,4.644E-08
MA,MA-HD-18th Middlesex,D,Safe,-4.62E-08,R,4.62058E-08
TN,TN-HD-78,R,Safe,4.59E-08,D,4.59254E-08
TN,TN-HD-69,R,Safe,4.58E-08,D,4.57882E-08
TN,TN-HD-23,R,Safe,4.57E-08,D,4.56951E-08
TN,TN-HD-43,R,Safe,4.55E-08,D,4.54739E-08
TN,TN-HD-27,R,Safe,4.54E-08,D,4.54409E-08
MA,MA-HD-11th Bristol,D,Safe,-4.54E-08,R,4.54408E-08
OR,OR-HD-15,R,Safe,-4.53E-08,R,4.53058E-08
MA,MA-HD-4th Middlesex,D,Safe,-4.52E-08,R,4.51644E-08
MA,MA-HD-7th Bristol,D,Safe,-4.51E-08,R,4.51172E-08
TN,TN-HD-31,R,Safe,4.50E-08,D,4.50257E-08
MA,MA-HD-16th Worcester,D,Safe,-4.49E-08,R,4.49293E-08
TN,TN-HD-63,R,Safe,4.49E-08,D,4.48928E-08
IL,IL-HD-76,D,Likely,-4.47E-08,R,4.46638E-08
MA,MA-HD-17th Middlesex,D,Safe,-4.46E-08,R,4.46315E-08
MA,MA-HD-5th Suffolk,D,Safe,-4.46E-08,R,4.45689E-08
MA,MA-HD-1st Norfolk,D,Safe,-4.42E-08,R,4.41705E-08
MA,MA-HD-6th Hampden,D,Safe,-4.42E-08,R,4.41571E-08
MA,MA-HD-16th Middlesex,D,Safe,-4.40E-08,R,4.39992E-08
MA,MA-HD-11th Middlesex,D,Safe,-4.40E-08,R,4.39648E-08
TN,TN-HD-40,R,Safe,4.38E-08,D,4.38447E-08
MA,MA-HD-8th Essex,D,Safe,-4.36E-08,R,4.36419E-08
UT,UT-HD-11,R,Likely,4.36E-08,D,4.36126E-08
MA,MA-HD-9th Middlesex,D,Safe,-4.36E-08,R,4.35972E-08
MA,MA-HD-19th Suffolk,D,Safe,-4.34E-08,R,4.34331E-08
MA,MA-HD-9th Hampden,D,Safe,-4.34E-08,R,4.34269E-08
TN,TN-HD-89,R,Safe,4.34E-08,D,4.33965E-08
MA,MA-HD-5th Hampden,D,Safe,-4.33E-08,R,4.32707E-08
TN,TN-HD-64,R,Safe,4.32E-08,D,4.3234E-08
MA,MA-HD-31st Middlesex,D,Safe,-4.32E-08,R,4.31932E-08
MA,MA-HD-15th Middlesex,D,Safe,-4.32E-08,R,4.31524E-08
MA,MA-HD-11th Hampden,D,Safe,-4.31E-08,R,4.3132E-08
MA,MA-HD-30th Middlesex,D,Safe,-4.31E-08,R,4.3069E-08
MA,MA-HD-12th Norfolk,D,Safe,-4.31E-08,R,4.30685E-08
MA,MA-HD-2nd Norfolk,D,Safe,-4.31E-08,R,4.30615E-08
MA,MA-HD-16th Suffolk,D,Safe,-4.30E-08,R,4.29741E-08
OR,OR-HD-53,R,Safe,-4.29E-08,R,4.29231E-08
TN,TN-HD-38,R,Safe,4.28E-08,D,4.28263E-08
TN,TN-HD-25,R,Safe,4.28E-08,D,4.28133E-08
MA,MA-HD-12th Middlesex,D,Safe,-4.28E-08,R,4.27524E-08
MA,MA-HD-12th Hampden,D,Safe,-4.27E-08,R,4.26657E-08
MA,MA-HD-2nd Suffolk,D,Safe,-4.26E-08,R,4.26358E-08
MA,MA-HD-13th Bristol,D,Safe,-4.24E-08,R,4.24111E-08
MA,MA-HD-35th Middlesex,D,Safe,-4.23E-08,R,4.2348E-08
MA,MA-HD-14th Worcester,D,Safe,-4.22E-08,R,4.22166E-08
TN,TN-HD-57,R,Safe,4.22E-08,D,4.21981E-08
MA,MA-HD-5th Norfolk,D,Safe,-4.22E-08,R,4.21835E-08
MA,MA-HD-13th Norfolk,D,Safe,-4.21E-08,R,4.21206E-08
GA,GA-HD-124,D,Safe,4.21E-08,D,4.2079E-08
MA,MA-HD-24th Middlesex,D,Safe,-4.18E-08,R,4.18466E-08
MA,MA-HD-6th Bristol,D,Safe,-4.17E-08,R,4.16951E-08
MA,MA-HD-10th Suffolk,D,Safe,-4.17E-08,R,4.16879E-08
MA,MA-HD-7th Norfolk,D,Safe,-4.16E-08,R,4.15579E-08
MA,MA-HD-3rd Berkshire,D,Safe,-4.15E-08,R,4.14656E-08
MA,MA-HD-14th Norfolk,D,Safe,-4.14E-08,R,4.13655E-08
MA,MA-HD-10th Hampden,D,Safe,-4.13E-08,R,4.12867E-08
MA,MA-HD-12th Essex,D,Safe,-4.12E-08,R,4.11898E-08
MA,MA-HD-11th Plymouth,D,Safe,-4.12E-08,R,4.11813E-08
MA,MA-HD-10th Middlesex,D,Safe,-4.11E-08,R,4.1132E-08
MA,MA-HD-5th Middlesex,D,Safe,-4.09E-08,R,4.09116E-08
MA,MA-HD-21st Middlesex,D,Safe,-4.08E-08,R,4.0781E-08
MA,MA-HD-6th Middlesex,D,Safe,-4.06E-08,R,4.05508E-08
TN,TN-HD-26,R,Safe,4.05E-08,D,4.05047E-08
MA,MA-HD-6th Norfolk,D,Safe,-4.05E-08,R,4.04703E-08
MA,MA-HD-3rd Middlesex,D,Safe,-4.04E-08,R,4.04473E-08
MA,MA-HD-3rd Norfolk,D,Safe,-4.04E-08,R,4.0447E-08
MA,MA-HD-3rd Essex,D,Safe,-4.04E-08,R,4.03919E-08
MA,MA-HD-13th Middlesex,D,Safe,-4.03E-08,R,4.03463E-08
TN,TN-HD-48,R,Safe,4.03E-08,D,4.02854E-08
MA,MA-HD-15th Essex,D,Safe,-4.02E-08,R,4.02394E-08
MA,MA-HD-8th Norfolk,D,Safe,-4.02E-08,R,4.01706E-08
MA,MA-HD-12th Worcester,D,Safe,-4.02E-08,R,4.01688E-08
MA,MA-HD-13th Worcester,D,Safe,-4.01E-08,R,4.01271E-08
MA,MA-HD-15th Norfolk,D,Safe,-4.00E-08,R,4.00192E-08
TN,TN-HD-34,R,Safe,3.99E-08,D,3.9852E-08
MA,MA-HD-8th Bristol,D,Safe,-3.98E-08,R,3.98004E-08
MA,MA-HD-11th Norfolk,D,Safe,-3.95E-08,R,3.95339E-08
MA,MA-HD-32nd Middlesex,D,Safe,-3.95E-08,R,3.95059E-08
MA,MA-HD-5th Essex,D,Safe,-3.93E-08,R,3.92622E-08
MA,MA-HD-8th Hampden,D,Safe,-3.92E-08,R,3.91556E-08
MA,MA-HD-10th Bristol,D,Safe,-3.91E-08,R,3.90572E-08
MA,MA-HD-1st Berkshire,D,Safe,-3.90E-08,R,3.90026E-08
MA,MA-HD-6th Essex,D,Safe,-3.90E-08,R,3.8983E-08
MA,MA-HD-36th Middlesex,D,Safe,-3.88E-08,R,3.88266E-08
MA,MA-HD-14th Suffolk,D,Safe,-3.88E-08,R,3.87941E-08
MA,MA-HD-17th Suffolk,D,Safe,-3.87E-08,R,3.87135E-08
MA,MA-HD-13th Suffolk,D,Safe,-3.87E-08,R,3.86979E-08
MA,MA-HD-10th Norfolk,D,Safe,-3.86E-08,R,3.85561E-08
MA,"MA-HD-Barnstable, Dukes & Nantucket",D,Safe,-3.84E-08,R,3.84498E-08
MA,MA-HD-7th Essex,D,Safe,-3.84E-08,R,3.83696E-08
MA,MA-HD-14th Middlesex,D,Safe,-3.83E-08,R,3.83219E-08
MA,MA-HD-6th Suffolk,D,Safe,-3.83E-08,R,3.82916E-08
MA,MA-HD-14th Essex,D,Safe,-3.81E-08,R,3.81268E-08
MA,MA-HD-12th Suffolk,D,Safe,-3.81E-08,R,3.81036E-08
MA,MA-HD-9th Bristol,D,Safe,-3.79E-08,R,3.79476E-08
MA,MA-HD-1st Hampshire,D,Safe,-3.79E-08,R,3.78968E-08
MA,MA-HD-23rd Middlesex,D,Safe,-3.79E-08,R,3.78908E-08
GA,GA-HD-92,D,Safe,3.78E-08,D,3.77912E-08
GA,GA-HD-39,D,Safe,3.78E-08,D,3.77577E-08
MA,MA-HD-15th Suffolk,D,Safe,-3.76E-08,R,3.76438E-08
MA,MA-HD-26th Middlesex,D,Safe,-3.76E-08,R,3.76395E-08
SC,SC-SD-22,D,Safe,3.76E-08,D,3.75602E-08
MA,MA-HD-5th Bristol,D,Safe,-3.73E-08,R,3.72601E-08
MA,MA-HD-29th Middlesex,D,Safe,-3.72E-08,R,3.7158E-08
MA,MA-HD-7th Hampden,D,Safe,-3.71E-08,R,3.70973E-08
MA,MA-HD-10th Plymouth,D,Safe,-3.70E-08,R,3.70271E-08
GA,GA-HD-126,D,Safe,3.69E-08,D,3.68666E-08
MA,MA-HD-4th Norfolk,D,Safe,-3.68E-08,R,3.6807E-08
MA,MA-HD-2nd Hampshire,D,Safe,-3.68E-08,R,3.67677E-08
MA,MA-HD-11th Suffolk,D,Safe,-3.63E-08,R,3.62941E-08
MA,MA-HD-8th Middlesex,D,Safe,-3.63E-08,R,3.62569E-08
MA,MA-HD-18th Suffolk,D,Safe,-3.62E-08,R,3.62122E-08
GA,GA-SD-48,D,Tilt,3.62E-08,D,3.6205E-08
MA,MA-HD-4th Worcester,D,Safe,-3.59E-08,R,3.58793E-08
MA,MA-HD-37th Middlesex,D,Safe,-3.57E-08,R,3.56514E-08
MA,MA-HD-4th Berkshire,D,Safe,-3.55E-08,R,3.55346E-08
MA,MA-HD-7th Suffolk,D,Safe,-3.55E-08,R,3.55265E-08
MA,MA-HD-4th Plymouth,D,Safe,-3.55E-08,R,3.54995E-08
MA,MA-HD-2nd Berkshire,D,Safe,-3.55E-08,R,3.54704E-08
MA,MA-HD-3rd Plymouth,D,Safe,-3.54E-08,R,3.53931E-08
MA,MA-HD-25th Middlesex,D,Safe,-3.54E-08,R,3.53818E-08
MA,MA-HD-9th Suffolk,D,Safe,-3.49E-08,R,3.48971E-08
MA,MA-HD-34th Middlesex,D,Safe,-3.48E-08,R,3.48211E-08
GA,GA-HD-63,D,Safe,3.47E-08,D,3.47295E-08
MA,MA-HD-4th Barnstable,D,Safe,-3.47E-08,R,3.46788E-08
MA,MA-HD-2nd Middlesex,D,Safe,-3.47E-08,R,3.46699E-08
MA,MA-HD-6th Plymouth,D,Safe,-3.44E-08,R,3.44224E-08
MA,MA-HD-3rd Hampshire,D,Safe,-3.44E-08,R,3.4361E-08
MA,MA-HD-10th Worcester,D,Safe,-3.42E-08,R,3.42416E-08
GA,GA-HD-93,D,Safe,3.42E-08,D,3.41631E-08
OR,OR-HD-25,R,Safe,-3.35E-08,R,3.3529E-08
MA,MA-HD-1st Franklin,D,Safe,-3.31E-08,R,3.31465E-08
MA,MA-HD-4th Suffolk,D,Safe,-3.30E-08,R,3.30024E-08
NV,NV-SD-19,R,Safe,-3.30E-08,R,3.29601E-08
MA,MA-HD-8th Suffolk,D,Safe,-3.28E-08,R,3.28173E-08
GA,GA-HD-55,D,Safe,3.26E-08,D,3.25891E-08
IN,IN-HD-89,FALSE,Toss-Up,3.26E-08,D,3.25538E-08
MA,MA-HD-27th Middlesex,D,Safe,-3.25E-08,R,3.25068E-08
IN,IN-HD-7,R,Tilt,3.23E-08,D,3.22723E-08
OR,OR-HD-59,R,Safe,-3.14E-08,R,3.14347E-08
GA,GA-HD-66,D,Safe,3.14E-08,D,3.14267E-08
MA,MA-HD-3rd Suffolk,D,Safe,-3.11E-08,R,3.1052E-08
SC,SC-SD-36,D,Safe,3.01E-08,D,3.00782E-08
UT,UT-HD-49,R,Lean,3.00E-08,D,2.99786E-08
TN,TN-HD-82,R,Safe,2.95E-08,D,2.94892E-08
TN,TN-HD-30,R,Safe,2.83E-08,D,2.8328E-08
TN,TN-HD-37,R,Safe,2.74E-08,D,2.74354E-08
UT,UT-HD-47,R,Lean,2.74E-08,D,2.74131E-08
NV,NV-HD-40,R,Safe,-2.68E-08,R,2.68143E-08
MA,MA-HD-17th Worcester,D,Likely,-2.68E-08,R,2.67638E-08
KY,KY-HD-46,D,Safe,2.65E-08,D,2.65031E-08
MA,MA-HD-2nd Bristol,D,Likely,-2.62E-08,R,2.61736E-08
MA,MA-HD-3rd Worcester,D,Likely,-2.56E-08,R,2.55629E-08
OR,OR-HD-56,R,Safe,-2.52E-08,R,2.51767E-08
UT,UT-HD-9,R,Lean,2.40E-08,D,2.398E-08
UT,UT-HD-38,R,Tilt,2.36E-08,D,2.35671E-08
SC,SC-SD-26,D,Safe,2.36E-08,D,2.35622E-08
OR,OR-HD-3,R,Safe,-2.31E-08,R,2.30648E-08
AR,AR-HD-96,R,Safe,2.18E-08,D,2.17522E-08
AR,AR-HD-59,R,Safe,2.16E-08,D,2.16019E-08
AR,AR-HD-88,R,Safe,2.13E-08,D,2.12874E-08
MA,MA-HD-2nd Hampden,D,Likely,-2.12E-08,R,2.12107E-08
SC,SC-SD-39,D,Safe,2.11E-08,D,2.11481E-08
AR,AR-HD-28,R,Safe,2.00E-08,D,2.00424E-08
IN,IN-HD-15,FALSE,Toss-Up,2.00E-08,D,2.00043E-08
UT,UT-HD-33,R,Tilt,1.99E-08,D,1.98947E-08
AR,AR-HD-15,R,Safe,1.96E-08,D,1.96365E-08
AR,AR-HD-87,R,Safe,1.95E-08,D,1.94952E-08
AR,AR-HD-67,R,Safe,1.94E-08,D,1.94256E-08
AR,AR-HD-80,R,Safe,1.94E-08,D,1.94043E-08
AR,AR-HD-65,R,Safe,1.94E-08,D,1.93542E-08
OR,OR-HD-57,R,Safe,-1.93E-08,R,1.93486E-08
AR,AR-HD-77,R,Safe,1.92E-08,D,1.92458E-08
AR,AR-HD-74,R,Safe,1.91E-08,D,1.91171E-08
UT,UT-HD-8,R,Lean,1.89E-08,D,1.89336E-08
AR,AR-HD-82,R,Safe,1.89E-08,D,1.89171E-08
AR,AR-HD-27,R,Safe,1.88E-08,D,1.87636E-08
AR,AR-HD-76,R,Safe,1.87E-08,D,1.86844E-08
AR,AR-HD-53,R,Safe,1.87E-08,D,1.8662E-08
AR,AR-HD-90,R,Safe,1.83E-08,D,1.83172E-08
OR,OR-HD-60,R,Safe,-1.83E-08,R,1.82781E-08
AR,AR-HD-22,R,Safe,1.83E-08,D,1.82742E-08
AR,AR-HD-44,R,Safe,1.82E-08,D,1.81842E-08
AR,AR-HD-100,R,Safe,1.82E-08,D,1.81611E-08
MA,MA-HD-18th Essex,D,Likely,-1.81E-08,R,1.81476E-08
IL,IL-HD-49,D,Lean,-1.81E-08,R,1.80536E-08
AR,AR-HD-40,R,Safe,1.80E-08,D,1.80204E-08
AR,AR-HD-91,R,Safe,1.80E-08,D,1.79949E-08
AR,AR-HD-93,R,Safe,1.78E-08,D,1.77729E-08
KY,KY-HD-65,D,Safe,1.78E-08,D,1.77642E-08
IL,IL-HD-48,D,Lean,-1.77E-08,R,1.76832E-08
GA,GA-SD-40,D,Likely,1.76E-08,D,1.75684E-08
AR,AR-HD-31,R,Safe,1.74E-08,D,1.74003E-08
AR,AR-HD-26,R,Safe,1.69E-08,D,1.6938E-08
OR,OR-HD-18,R,Safe,-1.68E-08,R,1.68065E-08
AR,AR-HD-68,R,Safe,1.67E-08,D,1.66799E-08
OR,OR-HD-58,R,Safe,-1.66E-08,R,1.65972E-08
KY,KY-HD-79,D,Safe,1.63E-08,D,1.62733E-08
OR,OR-HD-1,R,Safe,-1.59E-08,R,1.59171E-08
IL,IL-HD-61,D,Lean,-1.59E-08,R,1.58585E-08
OR,OR-HD-17,R,Safe,-1.58E-08,R,1.58307E-08
OR,OR-HD-55,R,Safe,-1.58E-08,R,1.58292E-08
UT,UT-HD-43,R,Tilt,1.57E-08,D,1.56678E-08
OR,OR-HD-7,R,Safe,-1.56E-08,R,1.56292E-08
OR,OR-HD-4,R,Safe,-1.51E-08,R,1.51299E-08
SC,SC-SD-32,D,Safe,1.50E-08,D,1.50285E-08
OR,OR-HD-2,R,Safe,-1.50E-08,R,1.49796E-08
MA,MA-HD-2nd Worcester,D,Lean,-1.44E-08,R,1.43534E-08
IL,IL-HD-51,D,Lean,-1.34E-08,R,1.3381E-08
SC,SC-SD-29,D,Safe,1.33E-08,D,1.32531E-08
SC,SC-SD-45,D,Safe,1.32E-08,D,1.31533E-08
IN,IN-HD-19,D,Tilt,1.30E-08,D,1.29997E-08
SC,SC-HD-019,R,Safe,1.29E-08,D,1.29236E-08
NV,NV-HD-32,R,Safe,-1.27E-08,R,1.26648E-08
SC,SC-HD-123,R,Safe,1.26E-08,D,1.26445E-08
MA,MA-HD-4th Hampden,D,Lean,-1.25E-08,R,1.253E-08
IL,IL-HD-116,FALSE,Toss-Up,-1.23E-08,R,1.23212E-08
KY,KY-HD-57,D,Safe,1.19E-08,D,1.1889E-08
TN,TN-HD-83,R,Lean,1.18E-08,D,1.18314E-08
SC,SC-HD-094,R,Safe,1.18E-08,D,1.17567E-08
IL,IL-HD-45,D,Lean,-1.16E-08,R,1.15765E-08
AR,AR-HD-58,R,Safe,1.16E-08,D,1.15688E-08
SC,SC-HD-026,R,Safe,1.15E-08,D,1.14806E-08
SC,SC-HD-112,R,Safe,1.15E-08,D,1.14777E-08
SC,SC-SD-7,D,Safe,1.15E-08,D,1.14679E-08
IL,IL-HD-81,D,Lean,-1.15E-08,R,1.14636E-08
SC,SC-HD-020,R,Safe,1.14E-08,D,1.13697E-08
NV,NV-HD-39,R,Safe,-1.13E-08,R,1.12539E-08
IN,IN-HD-35,D,Tilt,1.12E-08,D,1.12202E-08
SC,SC-HD-048,R,Safe,1.11E-08,D,1.10972E-08
SC,SC-HD-060,R,Safe,1.10E-08,D,1.10174E-08
SC,SC-HD-083,R,Safe,1.09E-08,D,1.09114E-08
SC,SC-HD-043,R,Safe,1.09E-08,D,1.08921E-08
SC,SC-HD-007,R,Safe,1.09E-08,D,1.08657E-08
SC,SC-HD-018,R,Safe,1.07E-08,D,1.07359E-08
SC,SC-HD-013,R,Safe,1.07E-08,D,1.07138E-08
SC,SC-HD-063,R,Safe,1.06E-08,D,1.05951E-08
SC,SC-HD-033,R,Safe,1.05E-08,D,1.05209E-08
SC,SC-HD-034,R,Safe,1.04E-08,D,1.04295E-08
SC,SC-HD-071,R,Safe,1.04E-08,D,1.04035E-08
SC,SC-HD-008,R,Safe,1.04E-08,D,1.0385E-08
SC,SC-HD-028,R,Safe,1.03E-08,D,1.026E-08
SC,SC-HD-022,R,Safe,1.01E-08,D,1.00578E-08
SC,SC-HD-124,R,Safe,1.00E-08,D,1.00195E-08
SC,SC-HD-035,R,Safe,9.96E-09,D,9.95892E-09
SC,SC-HD-118,R,Safe,9.81E-09,D,9.81214E-09
SC,SC-HD-045,R,Safe,9.80E-09,D,9.80278E-09
SC,SC-HD-047,R,Safe,9.75E-09,D,9.74505E-09
SC,SC-HD-003,R,Safe,9.65E-09,D,9.65184E-09
SC,SC-HD-099,R,Safe,9.57E-09,D,9.56645E-09
AR,AR-HD-7,R,Safe,9.31E-09,D,9.30976E-09
NV,NV-HD-26,R,Safe,-9.28E-09,R,9.27983E-09
SC,SC-HD-068,R,Safe,9.18E-09,D,9.18209E-09
MA,MA-HD-12th Plymouth,D,Lean,-9.15E-09,R,9.15097E-09
SC,SC-HD-056,R,Safe,9.07E-09,D,9.07372E-09
MA,MA-HD-19th Middlesex,D,Lean,-9.03E-09,R,9.02859E-09
IL,IL-HD-111,D,Tilt,-8.61E-09,R,8.6132E-09
AR,AR-HD-49,R,Safe,8.34E-09,D,8.34268E-09
UT,UT-HD-54,FALSE,Toss-Up,8.04E-09,D,8.04027E-09
AR,AR-HD-3,R,Safe,7.92E-09,D,7.92234E-09
NV,NV-HD-23,R,Safe,-7.46E-09,R,7.45641E-09
SC,SC-HD-110,R,Likely,7.32E-09,D,7.3202E-09
AR,AR-HD-8,R,Safe,7.27E-09,D,7.27272E-09
SC,SC-HD-097,R,Likely,6.95E-09,D,6.95307E-09
SC,SC-HD-075,R,Likely,6.60E-09,D,6.60415E-09
AR,AR-HD-14,R,Safe,6.48E-09,D,6.47623E-09
IL,IL-HD-20,D,Tilt,-6.46E-09,R,6.46314E-09
TN,TN-HD-97,R,Lean,6.28E-09,D,6.27582E-09
AR,AR-HD-97,R,Safe,6.24E-09,D,6.23788E-09
TN,TN-HD-49,R,Lean,5.93E-09,D,5.93363E-09
TX,TX-SD-13,D,Safe,5.90E-09,D,5.8988E-09
TX,TX-SD-27,D,Safe,5.76E-09,D,5.75606E-09
AR,AR-HD-94,R,Lean,5.48E-09,D,5.47752E-09
TX,TX-SD-20,D,Safe,5.45E-09,D,5.45409E-09
TX,TX-SD-29,D,Safe,5.23E-09,D,5.22745E-09
GA,GA-SD-6,D,Safe,4.89E-09,D,4.88537E-09
MA,MA-HD-13th Essex,D,Tilt,-4.75E-09,R,4.75307E-09
TX,TX-SD-21,D,Safe,4.66E-09,D,4.65705E-09
MA,MA-HD-2nd Essex,FALSE,Toss-Up,-4.08E-09,R,4.08242E-09
IN,IN-HD-66,D,Likely,3.90E-09,D,3.90113E-09
MA,MA-SD-Second Plymouth & Bristol,D,Safe,-3.79E-09,R,3.79122E-09
IL,IL-HD-97,FALSE,Toss-Up,-3.77E-09,R,3.77078E-09
MA,MA-SD-Second Middlesex & Norfolk,D,Safe,-3.76E-09,R,3.75957E-09
UT,UT-HD-10,D,Tilt,3.72E-09,D,3.72285E-09
MA,MA-SD-Second Essex & Middlesex,D,Safe,-3.67E-09,R,3.66952E-09
MA,MA-SD-Hampden,D,Safe,-3.63E-09,R,3.62984E-09
MA,MA-SD-Third Essex,D,Safe,-3.58E-09,R,3.57803E-09
IL,IL-HD-54,FALSE,Toss-Up,-3.57E-09,R,3.56611E-09
MA,"MA-SD-Norfolk, Bristol & Plymouth",D,Safe,-3.54E-09,R,3.54316E-09
MA,MA-SD-First Middlesex,D,Safe,-3.53E-09,R,3.52508E-09
MA,MA-SD-Norfolk & Plymouth,D,Safe,-3.51E-09,R,3.51143E-09
TN,TN-HD-18,FALSE,Toss-Up,3.51E-09,D,3.50763E-09
MA,MA-SD-Second Bristol & Plymouth,D,Safe,-3.45E-09,R,3.45352E-09
MA,MA-SD-First Middlesex & Norfolk,D,Safe,-3.44E-09,R,3.43854E-09
MA,MA-SD-Third Middlesex,D,Safe,-3.42E-09,R,3.42211E-09
MA,MA-SD-Norfolk & Suffolk,D,Safe,-3.40E-09,R,3.39842E-09
MA,MA-SD-Fourth Middlesex,D,Safe,-3.39E-09,R,3.39385E-09
MA,MA-SD-Second Worcester,D,Safe,-3.39E-09,R,3.39272E-09
MA,MA-SD-First Bristol & Plymouth,D,Safe,-3.36E-09,R,3.35734E-09
MA,MA-SD-Middlesex & Worcester,D,Safe,-3.35E-09,R,3.34907E-09
MA,MA-SD-First Hampden & Hampshire,D,Safe,-3.35E-09,R,3.34761E-09
SC,SC-HD-114,R,Lean,3.32E-09,D,3.31703E-09
IN,IN-HD-36,D,Likely,3.29E-09,D,3.28801E-09
MA,"MA-SD-Berkshire, Hampshire, Franklin & Hampden",D,Safe,-3.26E-09,R,3.25794E-09
MA,MA-SD-Fifth Middlesex,D,Safe,-3.25E-09,R,3.24738E-09
MA,MA-SD-First Worcester,D,Safe,-3.24E-09,R,3.24123E-09
MA,"MA-SD-Hampshire, Franklin & Worcester",D,Safe,-3.23E-09,R,3.22829E-09
IL,IL-HD-47,R,Tilt,-3.22E-09,R,3.21817E-09
MA,MA-SD-First Essex,D,Safe,-3.17E-09,R,3.16893E-09
MA,MA-SD-Second Essex,D,Safe,-3.15E-09,R,3.14919E-09
IL,IL-HD-42,R,Tilt,-3.10E-09,R,3.10099E-09
IL,IL-HD-70,R,Lean,-3.08E-09,R,3.08178E-09
MA,MA-SD-First Plymouth & Bristol,D,Safe,-3.06E-09,R,3.06481E-09
MA,MA-SD-Cape & Islands,D,Safe,-3.03E-09,R,3.02934E-09
MA,MA-SD-Bristol & Norfolk,D,Safe,-2.98E-09,R,2.98318E-09
MA,MA-SD-First Suffolk & Middlesex,D,Safe,-2.98E-09,R,2.97749E-09
MA,MA-SD-Middlesex & Suffolk,D,Safe,-2.98E-09,R,2.9766E-09
MA,MA-SD-Second Suffolk,D,Safe,-2.86E-09,R,2.86076E-09
MA,MA-SD-First Suffolk,D,Safe,-2.81E-09,R,2.8066E-09
IN,IN-HD-12,D,Safe,2.69E-09,D,2.68583E-09
MA,MA-SD-Second Middlesex,D,Safe,-2.66E-09,R,2.65924E-09
MA,MA-SD-Second Suffolk & Middlesex,D,Safe,-2.57E-09,R,2.57445E-09
IL,IL-HD-93,R,Lean,-2.52E-09,R,2.51839E-09
IL,IL-HD-65,R,Lean,-2.51E-09,R,2.5051E-09
GA,GA-SD-41,D,Safe,2.40E-09,D,2.40445E-09
MA,MA-HD-3rd Bristol,D,Tilt,-2.40E-09,R,2.40084E-09
AR,AR-HD-41,R,Tilt,2.40E-09,D,2.39516E-09
IL,IL-HD-41,R,Tilt,-2.08E-09,R,2.08318E-09
IL,IL-HD-68,R,Tilt,-2.02E-09,R,2.02082E-09
GA,GA-SD-12,D,Safe,1.99E-09,D,1.99082E-09
IN,IN-HD-87,D,Safe,1.99E-09,D,1.98628E-09
MA,MA-HD-5th Plymouth,R,Tilt,-1.84E-09,R,1.83606E-09
GA,GA-SD-44,D,Safe,1.81E-09,D,1.80536E-09
IL,IL-HD-79,R,Likely,-1.74E-09,R,1.74106E-09
MA,MA-HD-2nd Barnstable,R,Tilt,-1.74E-09,R,1.73839E-09
GA,GA-SD-43,D,Safe,1.71E-09,D,1.7134E-09
AR,AR-HD-32,R,Tilt,1.60E-09,D,1.6047E-09
MA,MA-HD-1st Plymouth,R,Tilt,-1.59E-09,R,1.59077E-09
IN,IN-HD-43,D,Safe,1.51E-09,D,1.51394E-09
AR,AR-HD-38,R,Tilt,1.49E-09,D,1.48985E-09
AR,AR-HD-39,R,Lean,1.49E-09,D,1.48962E-09
IL,IL-HD-66,R,Lean,-1.38E-09,R,1.38347E-09
IN,IN-HD-100,D,Safe,1.35E-09,D,1.3541E-09
MA,MA-HD-8th Worcester,R,Lean,-1.33E-09,R,1.33061E-09
IL,IL-HD-104,R,Likely,-1.29E-09,R,1.28841E-09
IN,IN-HD-94,D,Safe,1.21E-09,D,1.20601E-09
IL,IL-HD-64,R,Likely,-1.17E-09,R,1.1749E-09
UT,UT-HD-31,D,Safe,1.15E-09,D,1.1476E-09
IN,IN-HD-97,D,Safe,1.05E-09,D,1.05464E-09
UT,UT-HD-22,D,Safe,9.88E-10,D,9.87771E-10
IN,IN-HD-27,D,Safe,9.77E-10,D,9.77006E-10
MA,MA-HD-1st Essex,R,Lean,-9.72E-10,R,9.718E-10
UT,UT-HD-34,D,Safe,9.71E-10,D,9.70637E-10
IN,IN-HD-34,D,Safe,9.56E-10,D,9.56254E-10
UT,UT-HD-32,D,Safe,9.05E-10,D,9.04621E-10
AR,AR-HD-9,R,Lean,8.58E-10,D,8.58478E-10
UT,UT-HD-44,D,Safe,8.39E-10,D,8.38745E-10
MA,"MA-SD-Worcester, Hampden, Hampshire & Middlesex",D,Likely,-8.34E-10,R,8.33738E-10
SC,SC-HD-044,R,Tilt,7.38E-10,D,7.3847E-10
MA,MA-HD-12th Bristol,R,Likely,-7.35E-10,R,7.35251E-10
IL,IL-HD-95,R,Safe,-7.03E-10,R,7.02637E-10
IL,IL-HD-91,R,Safe,-6.50E-10,R,6.5002E-10
MA,MA-HD-7th Plymouth,R,Likely,-5.86E-10,R,5.8579E-10
IL,IL-HD-37,R,Safe,-5.76E-10,R,5.75643E-10
MA,MA-HD-3rd Barnstable,R,Lean,-5.63E-10,R,5.62686E-10
MA,MA-HD-1st Barnstable,R,Lean,-5.38E-10,R,5.38314E-10
UT,UT-HD-23,D,Safe,5.36E-10,D,5.36025E-10
AR,AR-HD-89,D,Lean,5.28E-10,D,5.2809E-10
MA,MA-HD-4th Essex,R,Likely,-5.21E-10,R,5.21008E-10
IL,IL-HD-71,R,Safe,-4.70E-10,R,4.70331E-10
SC,SC-HD-115,D,Tilt,4.40E-10,D,4.40217E-10
UT,UT-HD-40,D,Safe,3.90E-10,D,3.89991E-10
UT,UT-HD-35,D,Safe,3.80E-10,D,3.8036E-10
UT,UT-HD-25,D,Safe,3.79E-10,D,3.78771E-10
IL,IL-HD-82,R,Safe,-3.66E-10,R,3.65695E-10
UT,UT-HD-28,D,Safe,3.63E-10,D,3.6322E-10
MA,MA-HD-11th Worcester,R,Likely,-3.63E-10,R,3.62865E-10
UT,UT-HD-36,D,Safe,3.59E-10,D,3.58876E-10
UT,UT-HD-46,D,Safe,3.51E-10,D,3.50949E-10
UT,UT-HD-37,D,Safe,3.50E-10,D,3.49534E-10
TN,TN-HD-67,D,Likely,3.31E-10,D,3.31132E-10
IL,IL-HD-109,R,Safe,-3.20E-10,R,3.20318E-10
IL,IL-HD-73,R,Safe,-3.19E-10,R,3.18667E-10
IL,IL-HD-90,R,Safe,-3.15E-10,R,3.14736E-10
IL,IL-HD-107,R,Safe,-3.14E-10,R,3.14014E-10
TN,TN-HD-13,D,Likely,3.11E-10,D,3.11423E-10
IL,IL-HD-63,R,Safe,-3.11E-10,R,3.11202E-10
IL,IL-HD-74,R,Safe,-3.10E-10,R,3.10404E-10
IL,IL-HD-108,R,Safe,-3.00E-10,R,3.00259E-10
IL,IL-HD-94,R,Safe,-2.95E-10,R,2.94506E-10
SC,SC-HD-117,D,Lean,2.93E-10,D,2.93032E-10
MA,MA-HD-5th Barnstable,R,Safe,-2.91E-10,R,2.90555E-10
IL,IL-HD-88,R,Safe,-2.84E-10,R,2.8401E-10
MA,MA-HD-9th Norfolk,R,Safe,-2.71E-10,R,2.71241E-10
IL,IL-HD-105,R,Safe,-2.67E-10,R,2.66878E-10
MA,MA-HD-5th Worcester,R,Safe,-2.63E-10,R,2.62715E-10
SC,SC-HD-015,D,Tilt,2.60E-10,D,2.60398E-10
MA,MA-HD-2nd Plymouth,R,Safe,-2.58E-10,R,2.5769E-10
SC,SC-HD-116,D,Lean,2.23E-10,D,2.22569E-10
TN,TN-HD-96,D,Safe,2.17E-10,D,2.17125E-10
TN,TN-HD-56,D,Safe,2.03E-10,D,2.02893E-10
MA,MA-HD-22nd Middlesex,R,Safe,-1.77E-10,R,1.77303E-10
MA,MA-SD-Second Hampden & Hampshire,D,Lean,-1.77E-10,R,1.77234E-10
MA,"MA-SD-Norfolk, Bristol & Middlesex",D,Tilt,-1.64E-10,R,1.6356E-10
MA,MA-HD-9th Worcester,R,Safe,-1.16E-10,R,1.16267E-10
MA,MA-HD-14th Bristol,R,Safe,-1.15E-10,R,1.15395E-10
MA,MA-HD-1st Middlesex,R,Safe,-1.15E-10,R,1.1515E-10
MA,MA-HD-1st Hampden,R,Safe,-1.15E-10,R,1.15095E-10
TN,TN-HD-52,D,Safe,1.15E-10,D,1.14758E-10
MA,MA-HD-4th Bristol,R,Safe,-1.14E-10,R,1.13867E-10
MA,MA-HD-1st Worcester,R,Safe,-1.13E-10,R,1.1299E-10
MA,MA-HD-1st Bristol,R,Safe,-1.13E-10,R,1.12741E-10
MA,MA-HD-3rd Hampden,R,Safe,-1.12E-10,R,1.11931E-10
MA,MA-HD-18th Worcester,R,Safe,-1.12E-10,R,1.11872E-10
MA,MA-HD-7th Worcester,R,Safe,-1.11E-10,R,1.11484E-10
MA,MA-HD-8th Plymouth,R,Safe,-1.11E-10,R,1.11048E-10
MA,MA-HD-6th Worcester,R,Safe,-1.10E-10,R,1.09562E-10
MA,MA-HD-9th Essex,R,Safe,-1.08E-10,R,1.07845E-10
MA,MA-HD-20th Middlesex,R,Safe,-1.06E-10,R,1.06143E-10
TN,TN-SD-6,R,Safe,9.88E-11,D,9.88346E-11
TN,TN-SD-32,R,Safe,9.62E-11,D,9.62418E-11
TN,TN-HD-15,D,Safe,9.51E-11,D,9.51408E-11
TN,TN-HD-86,D,Safe,9.51E-11,D,9.51162E-11
TN,TN-SD-4,R,Safe,9.31E-11,D,9.30706E-11
TN,TN-SD-14,R,Safe,8.74E-11,D,8.74256E-11
NM,NM-HD-36,D,Safe,-8.63E-11,R,8.62572E-11
TN,TN-SD-18,R,Safe,8.58E-11,D,8.57676E-11
MA,MA-SD-Plymouth & Barnstable,D,Tilt,-8.54E-11,R,8.53686E-11
NM,NM-HD-32,D,Safe,-8.38E-11,R,8.37796E-11
SC,SC-HD-090,D,Safe,8.34E-11,D,8.33752E-11
SC,SC-HD-052,D,Likely,8.22E-11,D,8.22396E-11
TN,TN-SD-24,R,Safe,8.03E-11,D,8.03324E-11
AR,AR-HD-5,D,Likely,8.00E-11,D,7.99938E-11
TN,TN-SD-16,R,Safe,7.88E-11,D,7.88109E-11
TN,TN-SD-28,R,Safe,7.80E-11,D,7.80275E-11
TN,TN-SD-26,R,Safe,7.50E-11,D,7.50117E-11
NM,NM-HD-52,D,Safe,-7.44E-11,R,7.44471E-11
NM,NM-HD-21,D,Safe,-7.05E-11,R,7.05112E-11
NM,NM-HD-50,D,Safe,-6.89E-11,R,6.89267E-11
NM,NM-HD-34,D,Safe,-6.73E-11,R,6.73015E-11
NM,NM-HD-43,D,Safe,-6.68E-11,R,6.67659E-11
AR,AR-HD-85,D,Safe,6.65E-11,D,6.65318E-11
NM,NM-HD-30,D,Safe,-6.64E-11,R,6.63877E-11
NM,NM-HD-13,D,Safe,-6.61E-11,R,6.61089E-11
NM,NM-HD-10,D,Safe,-6.54E-11,R,6.53692E-11
NM,NM-HD-39,D,Safe,-6.50E-11,R,6.49642E-11
NM,NM-HD-65,D,Safe,-6.07E-11,R,6.06699E-11
NM,NM-HD-35,D,Safe,-5.96E-11,R,5.95712E-11
NM,NM-HD-45,D,Safe,-5.96E-11,R,5.9563E-11
NM,NM-HD-19,D,Safe,-5.76E-11,R,5.7633E-11
NM,NM-HD-37,D,Safe,-5.62E-11,R,5.62344E-11
NM,NM-HD-40,D,Safe,-5.59E-11,R,5.59044E-11
NM,NM-HD-69,D,Safe,-5.59E-11,R,5.58717E-11
NM,NM-HD-70,D,Safe,-5.53E-11,R,5.52991E-11
NM,NM-HD-33,D,Safe,-5.53E-11,R,5.52907E-11
NM,NM-HD-23,D,Safe,-5.50E-11,R,5.50475E-11
NM,NM-HD-24,D,Safe,-5.45E-11,R,5.4536E-11
NM,NM-HD-17,D,Safe,-5.45E-11,R,5.45116E-11
NM,NM-HD-11,D,Safe,-5.35E-11,R,5.35292E-11
NM,NM-HD-6,D,Safe,-5.32E-11,R,5.32186E-11
NM,NM-HD-16,D,Safe,-5.31E-11,R,5.31355E-11
NM,NM-HD-46,D,Safe,-5.31E-11,R,5.30875E-11
NM,NM-HD-42,D,Safe,-5.19E-11,R,5.19222E-11
NM,NM-HD-25,D,Safe,-5.16E-11,R,5.16406E-11
SC,SC-HD-122,D,Safe,5.04E-11,D,5.04467E-11
NM,NM-HD-47,D,Safe,-4.80E-11,R,4.80343E-11
NM,NM-HD-68,D,Likely,-4.67E-11,R,4.66802E-11
SC,SC-HD-080,D,Safe,4.64E-11,D,4.63806E-11
AR,AR-HD-72,D,Safe,4.36E-11,D,4.36402E-11
AR,AR-HD-34,D,Safe,4.36E-11,D,4.36177E-11
AR,AR-HD-86,D,Safe,4.12E-11,D,4.12222E-11
MA,MA-SD-Worcester & Middlesex,R,Lean,-3.69E-11,R,3.69319E-11
AR,AR-HD-55,D,Safe,3.54E-11,D,3.5356E-11
MA,MA-SD-Plymouth & Norfolk,R,Lean,-3.41E-11,R,3.4132E-11
SC,SC-HD-064,D,Safe,3.11E-11,D,3.11155E-11
SC,SC-HD-054,D,Safe,3.07E-11,D,3.07304E-11
SC,SC-HD-066,D,Safe,3.01E-11,D,3.00887E-11
AR,AR-HD-11,D,Safe,3.00E-11,D,3.00311E-11
SC,SC-HD-109,D,Safe,2.96E-11,D,2.96136E-11
SC,SC-HD-074,D,Safe,2.92E-11,D,2.9204E-11
SC,SC-HD-012,D,Safe,2.92E-11,D,2.91527E-11
SC,SC-HD-095,D,Safe,2.85E-11,D,2.85495E-11
AR,AR-HD-12,D,Safe,2.83E-11,D,2.82774E-11
SC,SC-HD-079,D,Safe,2.79E-11,D,2.78675E-11
SC,SC-HD-073,D,Safe,2.78E-11,D,2.78159E-11
SC,SC-HD-041,D,Safe,2.75E-11,D,2.75439E-11
SC,SC-HD-121,D,Safe,2.73E-11,D,2.72924E-11
SC,SC-HD-119,D,Safe,2.73E-11,D,2.72841E-11
SC,SC-HD-025,D,Safe,2.67E-11,D,2.67315E-11
TN,TN-SD-22,R,Safe,2.66E-11,D,2.6576E-11
SC,SC-HD-049,D,Safe,2.63E-11,D,2.63388E-11
SC,SC-HD-078,D,Safe,2.60E-11,D,2.60434E-11
SC,SC-HD-111,D,Safe,2.56E-11,D,2.55815E-11
NM,NM-HD-28,D,Likely,-2.47E-11,R,2.47069E-11
NM,NM-HD-53,D,Lean,-2.32E-11,R,2.31867E-11
SC,SC-HD-077,D,Safe,2.30E-11,D,2.29948E-11
NM,NM-HD-15,D,Likely,-1.94E-11,R,1.94153E-11
NM,NM-HD-29,D,Likely,-1.68E-11,R,1.68428E-11
NM,NM-HD-4,D,Lean,-1.62E-11,R,1.61665E-11
MA,MA-SD-Worcester & Norfolk,R,Safe,-9.82E-12,R,9.81619E-12
NM,NM-HD-27,D,Lean,-8.83E-12,R,8.8273E-12
NM,NM-HD-20,D,Tilt,-6.67E-12,R,6.67122E-12
TN,TN-SD-10,R,Lean,5.15E-12,D,5.14635E-12
NM,NM-HD-22,D,Tilt,-4.55E-12,R,4.54884E-12
MA,MA-SD-First Essex & Middlesex,R,Safe,-4.43E-12,R,4.43168E-12
TN,TN-SD-20,FALSE,Toss-Up,2.56E-12,D,2.55933E-12
NM,NM-HD-63,R,Lean,-2.36E-12,R,2.36464E-12
NM,NM-HD-57,R,Tilt,-2.06E-12,R,2.06437E-12
NM,NM-HD-7,R,Likely,-1.03E-12,R,1.03292E-12
NM,NM-HD-44,R,Likely,-4.37E-13,R,4.37171E-13
NM,NM-HD-38,R,Safe,-3.75E-13,R,3.74561E-13
NM,NM-HD-8,R,Safe,-2.94E-13,R,2.94188E-13
NM,NM-HD-31,R,Safe,-2.12E-13,R,2.1174E-13
NM,NM-HD-51,R,Safe,-1.72E-13,R,1.71807E-13
NM,NM-HD-56,R,Safe,-1.61E-13,R,1.61419E-13
NM,NM-HD-59,R,Safe,-1.45E-13,R,1.45016E-13
AR,AR-SD-1,R,Safe,0,N/A,0
AR,AR-SD-2,R,Safe,0,N/A,0
AR,AR-SD-12,D,Tilt,0,N/A,0
AR,AR-SD-13,R,Safe,0,N/A,0
AR,AR-SD-26,R,Safe,0,N/A,0
AR,AR-SD-27,R,Safe,0,N/A,0
AR,AR-SD-32,D,Safe,0,N/A,0
AR,AR-SD-34,R,Likely,0,N/A,0
IL,IL-SD-10,D,Safe,0,N/A,0
IL,IL-SD-19,D,Safe,0,N/A,0
IL,IL-SD-25,D,Lean,0,N/A,0
IL,IL-SD-31,D,Safe,0,N/A,0
IL,IL-SD-37,R,Safe,0,N/A,0
IL,IL-SD-40,D,Safe,0,N/A,0
IL,IL-SD-43,D,Safe,0,N/A,0
IL,IL-SD-46,D,Safe,0,N/A,0
IL,IL-SD-49,D,Lean,0,N/A,0
IN,IN-SD-5,R,Safe,0,N/A,0
IN,IN-SD-7,R,Safe,0,N/A,0
IN,IN-SD-9,R,Safe,0,N/A,0
IN,IN-SD-12,R,Safe,0,N/A,0
IN,IN-SD-16,R,Safe,0,N/A,0
IN,IN-SD-18,R,Safe,0,N/A,0
IN,IN-SD-20,R,Safe,0,N/A,0
IN,IN-SD-24,R,Safe,0,N/A,0
IN,IN-SD-28,R,Safe,0,N/A,0
IN,IN-SD-30,D,Lean,0,N/A,0
IN,IN-SD-32,R,Safe,0,N/A,0
IN,IN-SD-35,R,Safe,0,N/A,0
IN,IN-SD-36,R,Lean,0,N/A,0
IN,IN-SD-37,R,Safe,0,N/A,0
KY,KY-SD-7,FALSE,Toss-Up,0,N/A,0
KY,KY-SD-9,R,Safe,0,N/A,0
KY,KY-SD-11,R,Safe,0,N/A,0
KY,KY-SD-17,R,Safe,0,N/A,0
KY,KY-SD-21,R,Safe,0,N/A,0
KY,KY-SD-23,R,Likely,0,N/A,0
KY,KY-SD-29,FALSE,Toss-Up,0,N/A,0
KY,KY-SD-31,R,Likely,0,N/A,0
OK,OK-SD-3,R,Safe,0,N/A,0
OK,OK-SD-5,R,Safe,0,N/A,0
OK,OK-SD-7,R,Safe,0,N/A,0
OK,OK-SD-9,R,Likely,0,N/A,0
OK,OK-SD-15,R,Likely,0,N/A,0
OK,OK-SD-17,R,Safe,0,N/A,0
OK,OK-SD-21,R,Safe,0,N/A,0
OK,OK-SD-35,FALSE,Toss-Up,0,N/A,0
OK,OK-SD-37,R,Lean,0,N/A,0
OK,OK-SD-39,R,Tilt,0,N/A,0
OK,OK-SD-43,R,Safe,0,N/A,0
OK,OK-SD-45,R,Safe,0,N/A,0
OK,OK-SD-47,R,Likely,0,N/A,0
OK,OK-HD-3,R,Likely,0,N/A,0
OK,OK-HD-4,R,Tilt,0,N/A,0
OK,OK-HD-11,R,Safe,0,N/A,0
OK,OK-HD-23,R,Safe,0,N/A,0
OK,OK-HD-24,R,Lean,0,N/A,0
OK,OK-HD-26,R,Safe,0,N/A,0
OK,OK-HD-28,R,Safe,0,N/A,0
OK,OK-HD-29,R,Safe,0,N/A,0
OK,OK-HD-30,R,Safe,0,N/A,0
OK,OK-HD-34,D,Lean,0,N/A,0
OK,OK-HD-37,R,Safe,0,N/A,0
OK,OK-HD-43,R,Safe,0,N/A,0
OK,OK-HD-45,D,Likely,0,N/A,0
OK,OK-HD-46,D,Lean,0,N/A,0
OK,OK-HD-55,R,Safe,0,N/A,0
OK,OK-HD-56,R,Lean,0,N/A,0
OK,OK-HD-57,R,Safe,0,N/A,0
OK,OK-HD-62,FALSE,Toss-Up,0,N/A,0
OK,OK-HD-64,R,Tilt,0,N/A,0
OK,OK-HD-65,R,Safe,0,N/A,0
OK,OK-HD-66,R,Safe,0,N/A,0
OK,OK-HD-68,R,Safe,0,N/A,0
OK,OK-HD-70,R,Safe,0,N/A,0
OK,OK-HD-71,D,Likely,0,N/A,0
OK,OK-HD-72,D,Safe,0,N/A,0
OK,OK-HD-78,D,Safe,0,N/A,0
OK,OK-HD-79,D,Tilt,0,N/A,0
OK,OK-HD-81,R,Safe,0,N/A,0
OK,OK-HD-82,R,Safe,0,N/A,0
OK,OK-HD-83,D,Tilt,0,N/A,0
OK,OK-HD-85,D,Safe,0,N/A,0
OK,OK-HD-87,D,Safe,0,N/A,0
OK,OK-HD-88,D,Safe,0,N/A,0
OK,OK-HD-89,D,Safe,0,N/A,0
OK,OK-HD-90,R,Safe,0,N/A,0
OK,OK-HD-93,D,Safe,0,N/A,0
OK,OK-HD-94,D,Safe,0,N/A,0
OK,OK-HD-95,D,Tilt,0,N/A,0
OK,OK-HD-96,R,Safe,0,N/A,0
OK,OK-HD-97,D,Safe,0,N/A,0
OK,OK-HD-100,R,Likely,0,N/A,0
OK,OK-HD-101,R,Safe,0,N/A,0
OR,OR-SD-1,R,Safe,0,N/A,0
OR,OR-SD-2,R,Safe,0,N/A,0
OR,OR-SD-5,FALSE,Toss-Up,0,N/A,0
OR,OR-SD-9,R,Safe,0,N/A,0
OR,OR-SD-10,FALSE,Toss-Up,0,N/A,0
OR,OR-SD-12,R,Safe,0,N/A,0
OR,OR-SD-14,D,Safe,0,N/A,0
OR,OR-SD-25,D,Safe,0,N/A,0
OR,OR-SD-27,R,Lean,0,N/A,0
OR,OR-SD-28,R,Safe,0,N/A,0
OR,OR-SD-29,R,Safe,0,N/A,0
OR,OR-SD-30,R,Safe,0,N/A,0
UT,UT-SD-1,D,Safe,0,N/A,0
UT,UT-SD-6,R,Safe,0,N/A,0
UT,UT-SD-7,R,Safe,0,N/A,0
UT,UT-SD-8,D,Likely,0,N/A,0
UT,UT-SD-10,R,Safe,0,N/A,0
UT,UT-SD-13,R,Safe,0,N/A,0
UT,UT-SD-19,R,Safe,0,N/A,0
UT,UT-SD-24,R,Safe,0,N/A,0
UT,UT-SD-25,R,Safe,0,N/A,0
UT,UT-SD-29,R,Safe,0,N/A,0