state,district,incumbent,favored,confidence,nom_R,nom_D,nom_I,turnout_cvap,VOTER_POWER,GEOID,chamber
CT,CT-HD-1,D,D,Safe,FALSE,FALSE,FALSE,8256,-0.0000007480000000,9001,HD
CT,CT-HD-2,D,D,Lean,FALSE,FALSE,FALSE,9538,-0.0000027700000000,9002,HD
CT,CT-HD-3,D,D,Safe,FALSE,FALSE,FALSE,7240,-0.0000008530000000,9003,HD
CT,CT-HD-4,D,D,Safe,FALSE,FALSE,FALSE,8519,-0.0000007250000000,9004,HD
CT,CT-HD-5,D,D,Safe,FALSE,FALSE,FALSE,8851,-0.0000006980000000,9005,HD
CT,CT-HD-6,D,D,Safe,FALSE,FALSE,FALSE,7772,-0.0000007950000000,9006,HD
CT,CT-HD-7,D,D,Safe,FALSE,FALSE,FALSE,8094,-0.0000007630000000,9007,HD
CT,CT-HD-8,R,R,Safe,FALSE,FALSE,FALSE,10020,-0.0000000595000000,9008,HD
CT,CT-HD-9,D,D,Safe,FALSE,FALSE,FALSE,9241,-0.0000006690000000,9009,HD
CT,CT-HD-10,D,D,Safe,FALSE,FALSE,FALSE,8584,-0.0000007200000000,9010,HD
CT,CT-HD-11,D,D,Safe,FALSE,FALSE,FALSE,8227,-0.0000007510000000,9011,HD
CT,CT-HD-12,D,D,Safe,FALSE,FALSE,FALSE,9895,-0.0000006240000000,9012,HD
CT,CT-HD-13,D,D,Safe,FALSE,FALSE,FALSE,9273,-0.0000006660000000,9013,HD
CT,CT-HD-14,R,R,Likely,FALSE,FALSE,FALSE,9425,-0.0000002390000000,9014,HD
CT,CT-HD-15,D,D,Safe,FALSE,FALSE,FALSE,10125,-0.0000006100000000,9015,HD
CT,CT-HD-16,D,D,Safe,FALSE,FALSE,FALSE,9717,-0.0000006360000000,9016,HD
CT,CT-HD-17,FALSE,FALSE,Toss-Up,FALSE,FALSE,FALSE,9184,-0.0000018800000000,9017,HD
CT,CT-HD-18,D,D,Safe,FALSE,FALSE,FALSE,9471,-0.0000006520000000,9018,HD
CT,CT-HD-19,D,D,Safe,FALSE,FALSE,FALSE,9227,-0.0000006700000000,9019,HD
CT,CT-HD-20,D,D,Safe,FALSE,FALSE,FALSE,8708,-0.0000007100000000,9020,HD
CT,CT-HD-21,D,D,Lean,FALSE,FALSE,FALSE,9352,-0.0000028300000000,9021,HD
CT,CT-HD-22,R,R,Safe,FALSE,FALSE,FALSE,9260,-0.0000000644000000,9022,HD
CT,CT-HD-23,R,R,Likely,FALSE,FALSE,FALSE,10025,-0.0000002250000000,9023,HD
CT,CT-HD-24,D,D,Safe,FALSE,FALSE,FALSE,8573,-0.0000007210000000,9024,HD
CT,CT-HD-25,D,D,Safe,FALSE,FALSE,FALSE,8500,-0.0000007270000000,9025,HD
CT,CT-HD-26,D,D,Safe,FALSE,FALSE,FALSE,9484,-0.0000006510000000,9026,HD
CT,CT-HD-27,D,D,Likely,FALSE,FALSE,FALSE,10168,-0.0000019100000000,9027,HD
CT,CT-HD-28,D,D,Likely,FALSE,FALSE,FALSE,9711,-0.0000020000000000,9028,HD
CT,CT-HD-29,D,D,Safe,FALSE,FALSE,FALSE,9722,-0.0000006360000000,9029,HD
CT,CT-HD-30,FALSE,FALSE,Toss-Up,FALSE,FALSE,FALSE,10766,-0.0000016100000000,9030,HD
CT,CT-HD-31,D,D,Tilt,FALSE,FALSE,FALSE,9684,-0.0000025500000000,9031,HD
CT,CT-HD-32,R,R,Likely,FALSE,FALSE,FALSE,9765,-0.0000002310000000,9032,HD
CT,CT-HD-33,D,D,Safe,FALSE,FALSE,FALSE,9976,-0.0000006190000000,9033,HD
CT,CT-HD-34,R,R,Lean,FALSE,FALSE,FALSE,9857,-0.0000005230000000,9034,HD
CT,CT-HD-35,R,R,Likely,FALSE,FALSE,FALSE,9920,-0.0000002270000000,9035,HD
CT,CT-HD-36,D,D,Lean,FALSE,FALSE,FALSE,10082,-0.0000026200000000,9036,HD
CT,CT-HD-37,R,R,Tilt,FALSE,FALSE,FALSE,9979,-0.0000009890000000,9037,HD
CT,CT-HD-38,R,R,Tilt,FALSE,FALSE,FALSE,10122,-0.0000009750000000,9038,HD
CT,CT-HD-39,D,D,Safe,FALSE,FALSE,FALSE,9038,-0.0000006840000000,9039,HD
CT,CT-HD-40,D,D,Safe,FALSE,FALSE,FALSE,9773,-0.0000006320000000,9040,HD
CT,CT-HD-41,D,D,Safe,FALSE,FALSE,FALSE,9035,-0.0000006840000000,9041,HD
CT,CT-HD-42,R,R,Safe,FALSE,FALSE,FALSE,10006,-0.0000000596000000,9042,HD
CT,CT-HD-43,D,D,Likely,FALSE,FALSE,FALSE,10268,-0.0000018900000000,9043,HD
CT,CT-HD-44,R,R,Safe,FALSE,FALSE,FALSE,10074,-0.0000000592000000,9044,HD
CT,CT-HD-45,R,R,Safe,FALSE,FALSE,FALSE,9517,-0.0000000626000000,9045,HD
CT,CT-HD-46,D,D,Safe,FALSE,FALSE,FALSE,9419,-0.0000006560000000,9046,HD
CT,CT-HD-47,R,R,Safe,FALSE,FALSE,FALSE,10331,-0.0000000577000000,9047,HD
CT,CT-HD-48,D,D,Safe,FALSE,FALSE,FALSE,9517,-0.0000006490000000,9048,HD
CT,CT-HD-49,D,D,Safe,FALSE,FALSE,FALSE,9368,-0.0000006600000000,9049,HD
CT,CT-HD-50,D,D,Likely,FALSE,FALSE,FALSE,9790,-0.0000019800000000,9050,HD
CT,CT-HD-51,R,R,Lean,FALSE,FALSE,FALSE,10003,-0.0000005150000000,9051,HD
CT,CT-HD-52,R,R,Safe,FALSE,FALSE,FALSE,10103,-0.0000000590000000,9052,HD
CT,CT-HD-53,D,D,Lean,FALSE,FALSE,FALSE,9944,-0.0000026600000000,9053,HD
CT,CT-HD-54,D,D,Safe,FALSE,FALSE,FALSE,10909,-0.0000005660000000,9054,HD
CT,CT-HD-55,R,R,Likely,FALSE,FALSE,FALSE,10063,-0.0000002240000000,9055,HD
CT,CT-HD-56,D,D,Lean,FALSE,FALSE,FALSE,10220,-0.0000025900000000,9056,HD
CT,CT-HD-57,R,R,Safe,FALSE,FALSE,FALSE,9892,-0.0000000603000000,9057,HD
CT,CT-HD-58,D,D,Lean,FALSE,FALSE,FALSE,10014,-0.0000026400000000,9058,HD
CT,CT-HD-59,R,R,Likely,FALSE,FALSE,FALSE,10130,-0.0000002220000000,9059,HD
CT,CT-HD-60,D,D,Lean,FALSE,FALSE,FALSE,9487,-0.0000027900000000,9060,HD
CT,CT-HD-61,R,R,Safe,FALSE,FALSE,FALSE,9825,-0.0000000607000000,9061,HD
CT,CT-HD-62,R,R,Safe,FALSE,FALSE,FALSE,9868,-0.0000000604000000,9062,HD
CT,CT-HD-63,R,R,Safe,FALSE,FALSE,FALSE,9700,-0.0000000615000000,9063,HD
CT,CT-HD-64,D,D,Tilt,FALSE,FALSE,FALSE,9522,-0.0000025900000000,9064,HD
CT,CT-HD-65,D,D,Lean,FALSE,FALSE,FALSE,8786,-0.0000030100000000,9065,HD
CT,CT-HD-66,R,R,Safe,FALSE,FALSE,FALSE,9468,-0.0000000630000000,9066,HD
CT,CT-HD-67,R,R,Safe,FALSE,FALSE,FALSE,9368,-0.0000000636000000,9067,HD
CT,CT-HD-68,R,R,Safe,FALSE,FALSE,FALSE,9606,-0.0000000621000000,9068,HD
CT,CT-HD-69,R,R,Safe,FALSE,FALSE,FALSE,10409,-0.0000000573000000,9069,HD
CT,CT-HD-70,R,R,Safe,FALSE,FALSE,FALSE,9211,-0.0000000647000000,9070,HD
CT,CT-HD-71,R,R,Safe,FALSE,FALSE,FALSE,9335,-0.0000000639000000,9071,HD
CT,CT-HD-72,D,D,Safe,FALSE,FALSE,FALSE,8221,-0.0000007520000000,9072,HD
CT,CT-HD-73,D,D,Likely,FALSE,FALSE,FALSE,8792,-0.0000022100000000,9073,HD
CT,CT-HD-74,R,R,Lean,FALSE,FALSE,FALSE,8659,-0.0000005950000000,9074,HD
CT,CT-HD-75,D,D,Safe,FALSE,FALSE,FALSE,7948,-0.0000007770000000,9075,HD
CT,CT-HD-76,R,R,Safe,FALSE,FALSE,FALSE,10030,-0.0000000594000000,9076,HD
CT,CT-HD-77,D,D,Tilt,FALSE,FALSE,FALSE,10068,-0.0000024500000000,9077,HD
CT,CT-HD-78,R,R,Safe,FALSE,FALSE,FALSE,10195,-0.0000000585000000,9078,HD
CT,CT-HD-79,D,D,Likely,FALSE,FALSE,FALSE,9941,-0.0000019500000000,9079,HD
CT,CT-HD-80,R,R,Safe,FALSE,FALSE,FALSE,9568,-0.0000000623000000,9080,HD
CT,CT-HD-81,R,R,Safe,FALSE,FALSE,FALSE,9784,-0.0000000609000000,9081,HD
CT,CT-HD-82,D,D,Safe,FALSE,FALSE,FALSE,10542,-0.0000005860000000,9082,HD
CT,CT-HD-83,D,D,Tilt,FALSE,FALSE,FALSE,10801,-0.0000022900000000,9083,HD
CT,CT-HD-84,D,D,Safe,FALSE,FALSE,FALSE,8086,-0.0000007640000000,9084,HD
CT,CT-HD-85,D,D,Likely,FALSE,FALSE,FALSE,9876,-0.0000019600000000,9085,HD
CT,CT-HD-86,R,R,Safe,FALSE,FALSE,FALSE,9895,-0.0000000602000000,9086,HD
CT,CT-HD-87,R,R,Safe,FALSE,FALSE,FALSE,10117,-0.0000000589000000,9087,HD
CT,CT-HD-88,D,D,Safe,FALSE,FALSE,FALSE,10428,-0.0000005930000000,9088,HD
CT,CT-HD-89,R,R,Safe,FALSE,FALSE,FALSE,9554,-0.0000000624000000,9089,HD
CT,CT-HD-90,R,R,Lean,FALSE,FALSE,FALSE,9922,-0.0000005190000000,9090,HD
CT,CT-HD-91,D,D,Safe,FALSE,FALSE,FALSE,10282,-0.0000006010000000,9091,HD
CT,CT-HD-92,D,D,Safe,FALSE,FALSE,FALSE,9233,-0.0000006690000000,9092,HD
CT,CT-HD-93,D,D,Safe,FALSE,FALSE,FALSE,9398,-0.0000006570000000,9093,HD
CT,CT-HD-94,D,D,Safe,FALSE,FALSE,FALSE,8889,-0.0000006950000000,9094,HD
CT,CT-HD-95,D,D,Safe,FALSE,FALSE,FALSE,7199,-0.0000008580000000,9095,HD
CT,CT-HD-96,D,D,Safe,FALSE,FALSE,FALSE,9687,-0.0000006380000000,9096,HD
CT,CT-HD-97,D,D,Safe,FALSE,FALSE,FALSE,9276,-0.0000006660000000,9097,HD
CT,CT-HD-98,D,D,Safe,FALSE,FALSE,FALSE,9143,-0.0000006760000000,9098,HD
CT,CT-HD-99,R,R,Tilt,FALSE,FALSE,FALSE,9917,-0.0000009950000000,9099,HD
CT,CT-HD-100,D,D,Safe,FALSE,FALSE,FALSE,9306,-0.0000006640000000,9100,HD
CT,CT-HD-101,FALSE,FALSE,Toss-Up,FALSE,FALSE,FALSE,9414,-0.0000018400000000,9101,HD
CT,CT-HD-102,D,D,Likely,FALSE,FALSE,FALSE,10417,-0.0000018600000000,9102,HD
CT,CT-HD-103,D,D,Tilt,FALSE,FALSE,FALSE,9993,-0.0000024700000000,9103,HD
CT,CT-HD-104,D,D,Safe,FALSE,FALSE,FALSE,9330,-0.0000006620000000,9104,HD
CT,CT-HD-105,R,R,Safe,FALSE,FALSE,FALSE,9901,-0.0000000602000000,9105,HD
CT,CT-HD-106,FALSE,FALSE,Toss-Up,FALSE,FALSE,FALSE,9444,-0.0000018300000000,9106,HD
CT,CT-HD-107,R,R,Safe,FALSE,FALSE,FALSE,9876,-0.0000000604000000,9107,HD
CT,CT-HD-108,R,R,Safe,FALSE,FALSE,FALSE,9625,-0.0000000619000000,9108,HD
CT,CT-HD-109,D,D,Safe,FALSE,FALSE,FALSE,8281,-0.0000007460000000,9109,HD
CT,CT-HD-110,D,D,Safe,FALSE,FALSE,FALSE,6599,-0.0000009360000000,9110,HD
CT,CT-HD-111,R,R,Lean,FALSE,FALSE,FALSE,8805,-0.0000005850000000,9111,HD
CT,CT-HD-112,R,R,Safe,FALSE,FALSE,FALSE,8824,-0.0000000676000000,9112,HD
CT,CT-HD-113,R,R,Safe,FALSE,FALSE,FALSE,9825,-0.0000000607000000,9113,HD
CT,CT-HD-114,R,R,Safe,FALSE,FALSE,FALSE,8892,-0.0000000670000000,9114,HD
CT,CT-HD-115,D,D,Safe,FALSE,FALSE,FALSE,8724,-0.0000007080000000,9115,HD
CT,CT-HD-116,D,D,Safe,FALSE,FALSE,FALSE,7864,-0.0000007860000000,9116,HD
CT,CT-HD-117,R,R,Likely,FALSE,FALSE,FALSE,10290,-0.0000002190000000,9117,HD
CT,CT-HD-118,D,D,Safe,FALSE,FALSE,FALSE,9920,-0.0000006230000000,9118,HD
CT,CT-HD-119,R,R,Lean,FALSE,FALSE,FALSE,9879,-0.0000005220000000,9119,HD
CT,CT-HD-120,FALSE,FALSE,Toss-Up,FALSE,FALSE,FALSE,9809,-0.0000017600000000,9120,HD
CT,CT-HD-121,D,D,Safe,FALSE,FALSE,FALSE,9170,-0.0000006740000000,9121,HD
CT,CT-HD-122,R,R,Safe,FALSE,FALSE,FALSE,10663,-0.0000000559000000,9122,HD
CT,CT-HD-123,R,R,Safe,FALSE,FALSE,FALSE,9319,-0.0000000640000000,9123,HD
CT,CT-HD-124,D,D,Safe,FALSE,FALSE,FALSE,8286,-0.0000007460000000,9124,HD
CT,CT-HD-125,R,R,Likely,FALSE,FALSE,FALSE,8567,-0.0000002630000000,9125,HD
CT,CT-HD-126,D,D,Safe,FALSE,FALSE,FALSE,8732,-0.0000007080000000,9126,HD
CT,CT-HD-127,D,D,Safe,FALSE,FALSE,FALSE,8795,-0.0000007030000000,9127,HD
CT,CT-HD-128,D,D,Safe,FALSE,FALSE,FALSE,6304,-0.0000009800000000,9128,HD
CT,CT-HD-129,D,D,Safe,FALSE,FALSE,FALSE,8056,-0.0000007670000000,9129,HD
CT,CT-HD-130,D,D,Safe,FALSE,FALSE,FALSE,7513,-0.0000008220000000,9130,HD
CT,CT-HD-131,R,R,Safe,FALSE,FALSE,FALSE,9473,-0.0000000629000000,9131,HD
CT,CT-HD-132,R,R,Likely,FALSE,FALSE,FALSE,9476,-0.0000002380000000,9132,HD
CT,CT-HD-133,D,D,Safe,FALSE,FALSE,FALSE,9362,-0.0000006600000000,9133,HD
CT,CT-HD-134,R,R,Safe,FALSE,FALSE,FALSE,9425,-0.0000000632000000,9134,HD
CT,CT-HD-135,D,D,Lean,FALSE,FALSE,FALSE,9181,-0.0000028800000000,9135,HD
CT,CT-HD-136,D,D,Safe,FALSE,FALSE,FALSE,9303,-0.0000006640000000,9136,HD
CT,CT-HD-137,D,D,Safe,FALSE,FALSE,FALSE,8924,-0.0000006920000000,9137,HD
CT,CT-HD-138,D,D,Lean,FALSE,FALSE,FALSE,9627,-0.0000027400000000,9138,HD
CT,CT-HD-139,D,D,Lean,FALSE,FALSE,FALSE,9544,-0.0000027700000000,9139,HD
CT,CT-HD-140,D,D,Safe,FALSE,FALSE,FALSE,6699,-0.0000009220000000,9140,HD
CT,CT-HD-141,R,R,Likely,FALSE,FALSE,FALSE,8854,-0.0000002540000000,9141,HD
CT,CT-HD-142,D,D,Likely,FALSE,FALSE,FALSE,9784,-0.0000019800000000,9142,HD
CT,CT-HD-143,R,R,Lean,FALSE,FALSE,FALSE,9365,-0.0000005500000000,9143,HD
CT,CT-HD-144,D,D,Safe,FALSE,FALSE,FALSE,9106,-0.0000006790000000,9144,HD
CT,CT-HD-145,D,D,Safe,FALSE,FALSE,FALSE,6523,-0.0000009470000000,9145,HD
CT,CT-HD-146,D,D,Safe,FALSE,FALSE,FALSE,9168,-0.0000006740000000,9146,HD
CT,CT-HD-147,D,D,Likely,FALSE,FALSE,FALSE,8392,-0.0000023100000000,9147,HD
CT,CT-HD-148,D,D,Safe,FALSE,FALSE,FALSE,7542,-0.0000008190000000,9148,HD
CT,CT-HD-149,R,R,Likely,FALSE,FALSE,FALSE,9062,-0.0000002490000000,9149,HD
CT,CT-HD-150,D,D,Lean,FALSE,FALSE,FALSE,8086,-0.0000032700000000,9150,HD
CT,CT-HD-151,R,R,Likely,FALSE,FALSE,FALSE,7721,-0.0000002920000000,9151,HD
CT,CT-SD-1,D,D,Safe,FALSE,FALSE,FALSE,34015,-0.0000007900000000,9001,SD
CT,CT-SD-2,D,D,Safe,FALSE,FALSE,FALSE,36836,-0.0000007300000000,9002,SD
CT,CT-SD-3,D,D,Safe,FALSE,FALSE,FALSE,38453,-0.0000006990000000,9003,SD
CT,CT-SD-4,D,D,Likely,FALSE,FALSE,FALSE,38997,-0.0000022800000000,9004,SD
CT,CT-SD-5,D,D,Safe,FALSE,FALSE,FALSE,38559,-0.0000006970000000,9005,SD
CT,CT-SD-6,D,D,Lean,FALSE,FALSE,FALSE,36820,-0.0000035300000000,9006,SD
CT,CT-SD-7,R,R,Likely,FALSE,FALSE,FALSE,43391,-0.0000003020000000,9007,SD
CT,CT-SD-8,R,R,Likely,FALSE,FALSE,FALSE,38605,-0.0000003400000000,9008,SD
CT,CT-SD-9,D,D,Safe,FALSE,FALSE,FALSE,41671,-0.0000006450000000,9009,SD
CT,CT-SD-10,D,D,Safe,FALSE,FALSE,FALSE,34710,-0.0000007750000000,9010,SD
CT,CT-SD-11,D,D,Safe,FALSE,FALSE,FALSE,37691,-0.0000007130000000,9011,SD
CT,CT-SD-12,D,D,Lean,FALSE,FALSE,FALSE,40030,-0.0000032400000000,9012,SD
CT,CT-SD-13,D,D,Lean,FALSE,FALSE,FALSE,40890,-0.0000031800000000,9013,SD
CT,CT-SD-14,D,D,Tilt,FALSE,FALSE,FALSE,39611,-0.0000032500000000,9014,SD
CT,CT-SD-15,D,D,Safe,FALSE,FALSE,FALSE,36893,-0.0000007290000000,9015,SD
CT,CT-SD-16,R,R,Safe,FALSE,FALSE,FALSE,42139,-0.0000000796000000,9016,SD
CT,CT-SD-17,FALSE,FALSE,Toss-Up,FALSE,FALSE,FALSE,39213,-0.0000024300000000,9017,SD
CT,CT-SD-18,R,R,Likely,FALSE,FALSE,FALSE,42069,-0.0000003120000000,9018,SD
CT,CT-SD-19,D,D,Safe,FALSE,FALSE,FALSE,40763,-0.0000006600000000,9019,SD
CT,CT-SD-20,FALSE,FALSE,Toss-Up,FALSE,FALSE,FALSE,40168,-0.0000023700000000,9020,SD
CT,CT-SD-21,R,R,Safe,FALSE,FALSE,FALSE,41582,-0.0000000807000000,9021,SD
CT,CT-SD-22,D,D,Safe,FALSE,FALSE,FALSE,36777,-0.0000007310000000,9022,SD
CT,CT-SD-23,D,D,Safe,FALSE,FALSE,FALSE,31014,-0.0000008670000000,9023,SD
CT,CT-SD-24,D,D,Lean,FALSE,FALSE,FALSE,37320,-0.0000034800000000,9024,SD
CT,CT-SD-25,D,D,Safe,FALSE,FALSE,FALSE,35900,-0.0000007490000000,9025,SD
CT,CT-SD-26,D,D,Lean,FALSE,FALSE,FALSE,39952,-0.0000032500000000,9026,SD
CT,CT-SD-27,D,D,Safe,FALSE,FALSE,FALSE,35135,-0.0000007650000000,9027,SD
CT,CT-SD-28,R,R,Likely,FALSE,FALSE,FALSE,41139,-0.0000003190000000,9028,SD
CT,CT-SD-29,D,D,Likely,FALSE,FALSE,FALSE,43345,-0.0000020500000000,9029,SD
CT,CT-SD-30,R,R,Lean,FALSE,FALSE,FALSE,39408,-0.0000007630000000,9030,SD
CT,CT-SD-31,R,R,Safe,FALSE,FALSE,FALSE,42618,-0.0000000787000000,9031,SD
CT,CT-SD-32,R,R,Safe,FALSE,FALSE,FALSE,39097,-0.0000000858000000,9032,SD
CT,CT-SD-33,D,D,Tilt,FALSE,FALSE,FALSE,42315,-0.0000030500000000,9033,SD
CT,CT-SD-34,R,R,Safe,FALSE,FALSE,FALSE,41642,-0.0000000806000000,9034,SD
CT,CT-SD-35,R,R,Lean,FALSE,FALSE,FALSE,42583,-0.0000007060000000,9035,SD
CT,CT-SD-36,D,D,Tilt,FALSE,FALSE,FALSE,35451,-0.0000036400000000,9036,SD
FL,FL-HD-1,R,R,Safe,FALSE,FALSE,FALSE,71594,0.0000002490000000,12001,HD
FL,FL-HD-2,R,R,Safe,FALSE,FALSE,FALSE,69101,0.0000002580000000,12002,HD
FL,FL-HD-3,R,R,Safe,FALSE,FALSE,FALSE,75980,0.0000002350000000,12003,HD
FL,FL-HD-4,R,R,Safe,FALSE,FALSE,FALSE,73735,0.0000002420000000,12004,HD
FL,FL-HD-5,R,R,Safe,FALSE,FALSE,FALSE,73227,0.0000002440000000,12005,HD
FL,FL-HD-6,R,R,Safe,FALSE,FALSE,FALSE,73342,0.0000002430000000,12006,HD
FL,FL-HD-7,R,R,Safe,FALSE,FALSE,FALSE,68540,0.0000002600000000,12007,HD
FL,FL-HD-8,D,D,Safe,FALSE,FALSE,FALSE,70419,0.0000000350000000,12008,HD
FL,FL-HD-9,D,D,Safe,FALSE,FALSE,FALSE,70413,0.0000000350000000,12009,HD
FL,FL-HD-10,R,R,Safe,FALSE,FALSE,FALSE,68253,0.0000002610000000,12010,HD
FL,FL-HD-11,R,R,Safe,FALSE,FALSE,FALSE,73749,0.0000002420000000,12011,HD
FL,FL-HD-12,R,R,Safe,FALSE,FALSE,FALSE,66902,0.0000002670000000,12012,HD
FL,FL-HD-13,D,D,Safe,FALSE,FALSE,FALSE,65757,0.0000000375000000,12013,HD
FL,FL-HD-14,D,D,Safe,FALSE,FALSE,FALSE,69057,0.0000000357000000,12014,HD
FL,FL-HD-15,R,R,Tilt,FALSE,FALSE,FALSE,66288,0.0000013500000000,12015,HD
FL,FL-HD-16,R,R,Safe,FALSE,FALSE,FALSE,70011,0.0000002550000000,12016,HD
FL,FL-HD-17,R,R,Safe,FALSE,FALSE,FALSE,83268,0.0000002140000000,12017,HD
FL,FL-HD-18,R,R,Safe,FALSE,FALSE,FALSE,69699,0.0000002560000000,12018,HD
FL,FL-HD-19,R,R,Safe,FALSE,FALSE,FALSE,65514,0.0000002720000000,12019,HD
FL,FL-HD-20,D,D,Safe,FALSE,FALSE,FALSE,69947,0.0000000352000000,12020,HD
FL,FL-HD-21,R,R,Tilt,FALSE,FALSE,FALSE,73504,0.0000012200000000,12021,HD
FL,FL-HD-22,R,R,Safe,FALSE,FALSE,FALSE,72097,0.0000002470000000,12022,HD
FL,FL-HD-23,R,R,Safe,FALSE,FALSE,FALSE,70064,0.0000002550000000,12023,HD
FL,FL-HD-24,R,R,Safe,FALSE,FALSE,FALSE,78246,0.0000002280000000,12024,HD
FL,FL-HD-25,R,R,Safe,FALSE,FALSE,FALSE,76133,0.0000002340000000,12025,HD
FL,FL-HD-26,FALSE,FALSE,Toss-Up,FALSE,FALSE,FALSE,71631,0.0000009430000000,12026,HD
FL,FL-HD-27,R,R,Likely,FALSE,FALSE,FALSE,71471,0.0000008330000000,12027,HD
FL,FL-HD-28,R,R,Tilt,FALSE,FALSE,FALSE,71128,0.0000012600000000,12028,HD
FL,FL-HD-29,R,R,Tilt,FALSE,FALSE,FALSE,70305,0.0000012800000000,12029,HD
FL,FL-HD-30,D,D,Lean,FALSE,FALSE,FALSE,70391,0.0000003060000000,12030,HD
FL,FL-HD-31,R,R,Safe,FALSE,FALSE,FALSE,73674,0.0000002420000000,12031,HD
FL,FL-HD-32,R,R,Likely,FALSE,FALSE,FALSE,75553,0.0000007880000000,12032,HD
FL,FL-HD-33,R,R,Safe,FALSE,FALSE,FALSE,92609,0.0000001930000000,12033,HD
FL,FL-HD-34,R,R,Safe,FALSE,FALSE,FALSE,74006,0.0000002410000000,12034,HD
FL,FL-HD-35,R,R,Safe,FALSE,FALSE,FALSE,73548,0.0000002420000000,12035,HD
FL,FL-HD-36,R,R,Likely,FALSE,FALSE,FALSE,71550,0.0000008320000000,12036,HD
FL,FL-HD-37,R,R,Safe,FALSE,FALSE,FALSE,73289,0.0000002430000000,12037,HD
FL,FL-HD-38,R,R,Safe,FALSE,FALSE,FALSE,71443,0.0000002500000000,12038,HD
FL,FL-HD-39,R,R,Safe,FALSE,FALSE,FALSE,75072,0.0000002380000000,12039,HD
FL,FL-HD-40,R,R,Safe,FALSE,FALSE,FALSE,69417,0.0000002570000000,12040,HD
FL,FL-HD-41,R,R,Safe,FALSE,FALSE,FALSE,69838,0.0000002550000000,12041,HD
FL,FL-HD-42,R,R,Lean,FALSE,FALSE,FALSE,73339,0.0000012100000000,12042,HD
FL,FL-HD-43,D,D,Safe,FALSE,FALSE,FALSE,70969,0.0000000347000000,12043,HD
FL,FL-HD-44,D,D,Lean,FALSE,FALSE,FALSE,71354,0.0000003020000000,12044,HD
FL,FL-HD-45,D,D,Safe,FALSE,FALSE,FALSE,66798,0.0000000369000000,12045,HD
FL,FL-HD-46,D,D,Safe,FALSE,FALSE,FALSE,58907,0.0000000418000000,12046,HD
FL,FL-HD-47,D,D,Safe,FALSE,FALSE,FALSE,74193,0.0000000332000000,12047,HD
FL,FL-HD-48,D,D,Safe,FALSE,FALSE,FALSE,64205,0.0000000384000000,12048,HD
FL,FL-HD-49,D,D,Safe,FALSE,FALSE,FALSE,75837,0.0000000325000000,12049,HD
FL,FL-HD-50,R,R,Likely,FALSE,FALSE,FALSE,73121,0.0000008150000000,12050,HD
FL,FL-HD-51,R,R,Safe,FALSE,FALSE,FALSE,72147,0.0000002470000000,12051,HD
FL,FL-HD-52,R,R,Safe,FALSE,FALSE,FALSE,78648,0.0000002270000000,12052,HD
FL,FL-HD-53,R,R,Safe,FALSE,FALSE,FALSE,72340,0.0000002470000000,12053,HD
FL,FL-HD-54,R,R,Safe,FALSE,FALSE,FALSE,75533,0.0000002360000000,12054,HD
FL,FL-HD-55,R,R,Safe,FALSE,FALSE,FALSE,66595,0.0000002680000000,12055,HD
FL,FL-HD-56,R,R,Safe,FALSE,FALSE,FALSE,62139,0.0000002870000000,12056,HD
FL,FL-HD-57,R,R,Likely,FALSE,FALSE,FALSE,74894,0.0000007950000000,12057,HD
FL,FL-HD-58,R,R,Likely,FALSE,FALSE,FALSE,63362,0.0000009400000000,12058,HD
FL,FL-HD-59,FALSE,FALSE,Toss-Up,FALSE,FALSE,FALSE,72102,0.0000009370000000,12059,HD
FL,FL-HD-60,R,R,Tilt,FALSE,FALSE,FALSE,74749,0.0000012000000000,12060,HD
FL,FL-HD-61,D,D,Safe,FALSE,FALSE,FALSE,66190,0.0000000372000000,12061,HD
FL,FL-HD-62,D,D,Safe,FALSE,FALSE,FALSE,59526,0.0000000414000000,12062,HD
FL,FL-HD-63,D,D,Likely,FALSE,FALSE,FALSE,70587,0.0000001340000000,12063,HD
FL,FL-HD-64,R,R,Safe,FALSE,FALSE,FALSE,68644,0.0000002600000000,12064,HD
FL,FL-HD-65,R,R,Safe,FALSE,FALSE,FALSE,74760,0.0000002390000000,12065,HD
FL,FL-HD-66,R,R,Safe,FALSE,FALSE,FALSE,73015,0.0000002440000000,12066,HD
FL,FL-HD-67,R,R,Safe,FALSE,FALSE,FALSE,70330,0.0000002540000000,12067,HD
FL,FL-HD-68,D,D,Safe,FALSE,FALSE,FALSE,74090,0.0000000333000000,12068,HD
FL,FL-HD-69,D,D,Tilt,FALSE,FALSE,FALSE,74129,0.0000005450000000,12069,HD
FL,FL-HD-70,D,D,Safe,FALSE,FALSE,FALSE,65204,0.0000000378000000,12070,HD
FL,FL-HD-71,R,R,Safe,FALSE,FALSE,FALSE,75932,0.0000002350000000,12071,HD
FL,FL-HD-72,FALSE,FALSE,Toss-Up,FALSE,FALSE,FALSE,74232,0.0000009100000000,12072,HD
FL,FL-HD-73,R,R,Safe,FALSE,FALSE,FALSE,81538,0.0000002190000000,12073,HD
FL,FL-HD-74,R,R,Safe,FALSE,FALSE,FALSE,82537,0.0000002160000000,12074,HD
FL,FL-HD-75,R,R,Safe,FALSE,FALSE,FALSE,82423,0.0000002160000000,12075,HD
FL,FL-HD-76,R,R,Safe,FALSE,FALSE,FALSE,74578,0.0000002390000000,12076,HD
FL,FL-HD-77,R,R,Safe,FALSE,FALSE,FALSE,76901,0.0000002320000000,12077,HD
FL,FL-HD-78,R,R,Safe,FALSE,FALSE,FALSE,72535,0.0000002460000000,12078,HD
FL,FL-HD-79,R,R,Safe,FALSE,FALSE,FALSE,72060,0.0000002470000000,12079,HD
FL,FL-HD-80,R,R,Safe,FALSE,FALSE,FALSE,61835,0.0000002880000000,12080,HD
FL,FL-HD-81,D,D,Safe,FALSE,FALSE,FALSE,64814,0.0000000380000000,12081,HD
FL,FL-HD-82,R,R,Safe,FALSE,FALSE,FALSE,72711,0.0000002450000000,12082,HD
FL,FL-HD-83,R,R,Lean,FALSE,FALSE,FALSE,72273,0.0000012200000000,12083,HD
FL,FL-HD-84,D,D,Tilt,FALSE,FALSE,FALSE,70131,0.0000005760000000,12084,HD
FL,FL-HD-85,R,R,Likely,FALSE,FALSE,FALSE,73559,0.0000008100000000,12085,HD
FL,FL-HD-86,D,D,Safe,FALSE,FALSE,FALSE,66974,0.0000000368000000,12086,HD
FL,FL-HD-87,D,D,Safe,FALSE,FALSE,FALSE,47891,0.0000000514000000,12087,HD
FL,FL-HD-88,D,D,Safe,FALSE,FALSE,FALSE,63585,0.0000000387000000,12088,HD
FL,FL-HD-89,FALSE,FALSE,Toss-Up,FALSE,FALSE,FALSE,73428,0.0000009200000000,12089,HD
FL,FL-HD-90,D,D,Safe,FALSE,FALSE,FALSE,67563,0.0000000365000000,12090,HD
FL,FL-HD-91,D,D,Safe,FALSE,FALSE,FALSE,74651,0.0000000330000000,12091,HD
FL,FL-HD-92,D,D,Safe,FALSE,FALSE,FALSE,58589,0.0000000421000000,12092,HD
FL,FL-HD-93,R,R,Tilt,FALSE,FALSE,FALSE,68956,0.0000013000000000,12093,HD
FL,FL-HD-94,D,D,Safe,FALSE,FALSE,FALSE,64320,0.0000000383000000,12094,HD
FL,FL-HD-95,D,D,Safe,FALSE,FALSE,FALSE,54884,0.0000000449000000,12095,HD
FL,FL-HD-96,D,D,Safe,FALSE,FALSE,FALSE,66433,0.0000000371000000,12096,HD
FL,FL-HD-97,D,D,Safe,FALSE,FALSE,FALSE,62592,0.0000000394000000,12097,HD
FL,FL-HD-98,D,D,Safe,FALSE,FALSE,FALSE,64001,0.0000000385000000,12098,HD
FL,FL-HD-99,D,D,Safe,FALSE,FALSE,FALSE,65316,0.0000000377000000,12099,HD
FL,FL-HD-100,D,D,Safe,FALSE,FALSE,FALSE,60032,0.0000000410000000,12100,HD
FL,FL-HD-101,D,D,Safe,FALSE,FALSE,FALSE,61670,0.0000000399000000,12101,HD
FL,FL-HD-102,D,D,Safe,FALSE,FALSE,FALSE,61969,0.0000000398000000,12102,HD
FL,FL-HD-103,D,D,Lean,FALSE,FALSE,FALSE,57799,0.0000003730000000,12103,HD
FL,FL-HD-104,D,D,Safe,FALSE,FALSE,FALSE,60110,0.0000000410000000,12104,HD
FL,FL-HD-105,FALSE,FALSE,Toss-Up,FALSE,FALSE,FALSE,56299,0.0000012000000000,12105,HD
FL,FL-HD-106,R,R,Safe,FALSE,FALSE,FALSE,73677,0.0000002420000000,12106,HD
FL,FL-HD-107,D,D,Safe,FALSE,FALSE,FALSE,56165,0.0000000439000000,12107,HD
FL,FL-HD-108,D,D,Safe,FALSE,FALSE,FALSE,57988,0.0000000425000000,12108,HD
FL,FL-HD-109,D,D,Safe,FALSE,FALSE,FALSE,57355,0.0000000430000000,12109,HD
FL,FL-HD-110,R,R,Safe,FALSE,FALSE,FALSE,49025,0.0000003640000000,12110,HD
FL,FL-HD-111,R,R,Safe,FALSE,FALSE,FALSE,47676,0.0000003740000000,12111,HD
FL,FL-HD-112,D,D,Safe,FALSE,FALSE,FALSE,54398,0.0000000453000000,12112,HD
FL,FL-HD-113,D,D,Safe,FALSE,FALSE,FALSE,49759,0.0000000495000000,12113,HD
FL,FL-HD-114,D,D,Lean,FALSE,FALSE,FALSE,61176,0.0000003520000000,12114,HD
FL,FL-HD-115,FALSE,FALSE,Toss-Up,FALSE,FALSE,FALSE,58993,0.0000011500000000,12115,HD
FL,FL-HD-116,R,R,Safe,FALSE,FALSE,FALSE,55814,0.0000003190000000,12116,HD
FL,FL-HD-117,D,D,Safe,FALSE,FALSE,FALSE,53262,0.0000000463000000,12117,HD
FL,FL-HD-118,FALSE,FALSE,Toss-Up,FALSE,FALSE,FALSE,58993,0.0000011500000000,12118,HD
FL,FL-HD-119,R,R,Likely,FALSE,FALSE,FALSE,60210,0.0000009890000000,12119,HD
FL,FL-HD-120,R,R,Lean,FALSE,FALSE,FALSE,63471,0.0000013900000000,12120,HD
FL,FL-SD-1,R,R,Safe,FALSE,FALSE,FALSE,217184,0.0000001080000000,12001,SD
FL,FL-SD-3,D,D,Safe,FALSE,FALSE,FALSE,211975,0.0000000074900000,12003,SD
FL,FL-SD-5,R,R,Safe,FALSE,FALSE,FALSE,207531,0.0000001140000000,12005,SD
FL,FL-SD-7,R,R,Safe,FALSE,FALSE,FALSE,234290,0.0000001010000000,12007,SD
FL,FL-SD-9,R,R,Lean,FALSE,FALSE,FALSE,210149,0.0000003680000000,12009,SD
FL,FL-SD-11,D,D,Safe,FALSE,FALSE,FALSE,197297,0.0000000080500000,12011,SD
FL,FL-SD-13,D,D,Safe,FALSE,FALSE,FALSE,214448,0.0000000074100000,12013,SD
FL,FL-SD-15,D,D,Safe,FALSE,FALSE,FALSE,217535,0.0000000073000000,12015,SD
FL,FL-SD-17,R,R,Safe,FALSE,FALSE,FALSE,224422,0.0000001050000000,12017,SD
FL,FL-SD-19,D,D,Safe,FALSE,FALSE,FALSE,214682,0.0000000074000000,12019,SD
FL,FL-SD-21,R,R,Safe,FALSE,FALSE,FALSE,222566,0.0000001060000000,12021,SD
FL,FL-SD-23,R,R,Safe,FALSE,FALSE,FALSE,232557,0.0000001010000000,12023,SD
FL,FL-SD-25,R,R,Likely,FALSE,FALSE,FALSE,211062,0.0000003100000000,12025,SD
FL,FL-SD-27,R,R,Safe,FALSE,FALSE,FALSE,224218,0.0000001050000000,12027,SD
FL,FL-SD-29,D,D,Safe,FALSE,FALSE,FALSE,203578,0.0000000078000000,12029,SD
FL,FL-SD-31,D,D,Safe,FALSE,FALSE,FALSE,195708,0.0000000081200000,12031,SD
FL,FL-SD-33,D,D,Safe,FALSE,FALSE,FALSE,181352,0.0000000087600000,12033,SD
FL,FL-SD-35,D,D,Safe,FALSE,FALSE,FALSE,182837,0.0000000086900000,12035,SD
FL,FL-SD-37,D,D,Likely,FALSE,FALSE,FALSE,163441,0.0000000389000000,12037,SD
FL,FL-SD-39,FALSE,FALSE,Toss-Up,FALSE,FALSE,FALSE,174119,0.0000002690000000,12039,SD
GA,GA-HD-5,R,R,Safe,Matt Barton,Orianna Sanders,FALSE,20093,0.0000003800000000,13005,HD
GA,GA-HD-7,R,R,Safe,David Ralston,Rick Day,FALSE,23974,0.0000003190000000,13007,HD
GA,GA-HD-8,FALSE,R,Safe,TBA,Dave Cooper,FALSE,25074,0.0000003050000000,13008,HD
GA,GA-HD-9,FALSE,R,Safe,TBA,Sharon Ravert,FALSE,24416,0.0000003130000000,13009,HD
GA,GA-HD-10,FALSE,R,Safe,TBA,Nick Mitchell,FALSE,22296,0.0000003430000000,13010,HD
GA,GA-HD-11,FALSE,R,Safe,TBA,Kayla Hollifield,FALSE,22425,0.0000003410000000,13011,HD
GA,GA-HD-12,R,R,Safe,Eddie Lumsden,Jonathon Gilreath-Harvey,FALSE,21140,0.0000003610000000,13012,HD
GA,GA-HD-13,FALSE,R,Safe,TBA,J. Scott Fuller,FALSE,20069,0.0000003810000000,13013,HD
GA,GA-HD-16,FALSE,R,Safe,TBA,Lyndey Arrendale,FALSE,20679,0.0000003690000000,13016,HD
GA,GA-HD-17,R,R,Safe,Martin Momtahan,Q. Dailey,FALSE,22301,0.0000003430000000,13017,HD
GA,GA-HD-18,FALSE,R,Safe,TBA,Pat Rhudy,FALSE,21386,0.0000003570000000,13018,HD
GA,GA-HD-19,R,R,Safe,Joseph Gullett,Alison Feliciano,FALSE,23691,0.0000003220000000,13019,HD
GA,GA-HD-20,FALSE,R,Safe,TBA,Ginny LeNox,FALSE,22540,0.0000003390000000,13020,HD
GA,GA-HD-21,FALSE,R,Safe,TBA,William D Hughes,FALSE,21702,0.0000003520000000,13021,HD
GA,GA-HD-22,R,R,Safe,Wes Cantrell,TBA,FALSE,23774,0.0000003210000000,13022,HD
GA,GA-HD-24,R,R,Safe,Sheri Gilligan,Natalie Bucsko,FALSE,23233,0.0000003290000000,13024,HD
GA,GA-HD-25,R,R,Safe,Todd Jones,Christa Olenczak,FALSE,21509,0.0000003550000000,13025,HD
GA,GA-HD-26,FALSE,R,Safe,Lauren McDonald,Jason Boskey,FALSE,23602,0.0000003240000000,13026,HD
GA,GA-HD-29,R,R,Safe,Matt Dubnik,Pat Calmes,FALSE,16033,0.0000004760000000,13029,HD
GA,GA-HD-30,R,R,Safe,Emory Dunahoo,Leigh Miller,FALSE,20487,0.0000003730000000,13030,HD
GA,GA-HD-31,R,R,Safe,Tommy Benton,Pete Fuller,FALSE,22631,0.0000003380000000,13031,HD
GA,GA-HD-32,R,R,Safe,Alan Powell,Alisha Isom,FALSE,22591,0.0000003380000000,13032,HD
GA,GA-HD-33,FALSE,R,Safe,TBA,Kerry Dornell Hamm,FALSE,21541,0.0000003550000000,13033,HD
GA,GA-HD-34,R,R,Safe,Bert Reeves,Priscilla Smith,FALSE,23246,0.0000003290000000,13034,HD
GA,GA-HD-35,R,R,Lean,Ed Setzler,TBA,FALSE,20950,0.0000010900000000,13035,HD
GA,GA-HD-36,R,R,Safe,Ginny Ehrhart,James Ryner,FALSE,21988,0.0000003470000000,13036,HD
GA,GA-HD-37,D,D,Tilt,Rose Wing,Mary Williams,FALSE,20698,0.0000002900000000,13037,HD
GA,GA-HD-39,FALSE,D,Safe,Jim Hickey,TBA,FALSE,19783,0.0000000185000000,13039,HD
GA,GA-HD-40,D,D,Lean,Taryn Bowman,Erick Allen,FALSE,24397,0.0000001250000000,13040,HD
GA,GA-HD-41,D,D,Safe,Stephen George,Michael Smith,FALSE,18094,0.0000000202000000,13041,HD
GA,GA-HD-43,R,R,Tilt,Sharon Cooper,Luisa Wakeman,FALSE,21520,0.0000008420000000,13043,HD
GA,GA-HD-44,R,R,Likely,Don Parsons,Connie Diccio,FALSE,22566,0.0000008970000000,13044,HD
GA,GA-HD-45,R,R,Safe,Matt Dollar,Sara Ghazal,FALSE,20936,0.0000003650000000,13045,HD
GA,GA-HD-46,R,R,Safe,John Carson,TBA,FALSE,21686,0.0000003520000000,13046,HD
GA,GA-HD-47,R,R,Safe,Jan Jones,Anthia Carter,FALSE,21126,0.0000003620000000,13047,HD
GA,GA-HD-48,D,FALSE,Toss-Up,Betty Price,Mary Robichaux,FALSE,19033,0.0000005910000000,13048,HD
GA,GA-HD-49,R,R,Lean,Chuck Martin,Ken Lawler,FALSE,19387,0.0000011700000000,13049,HD
GA,GA-HD-50,D,FALSE,Toss-Up,Jay Lin,Angelika Kausche,FALSE,18252,0.0000006160000000,13050,HD
GA,GA-HD-51,D,D,Lean,Alex Kaufman,Josh McLaurin,FALSE,22063,0.0000001390000000,13051,HD
GA,GA-HD-52,R,R,Tilt,Deborah Silcox,Shea Roberts,FALSE,21255,0.0000008520000000,13052,HD
GA,GA-HD-54,D,D,Lean,TBA,Betsy Holland,FALSE,24028,0.0000001270000000,13054,HD
GA,GA-HD-55,D,D,Safe,Fred Quinn,Marie Metze,FALSE,26565,0.0000000138000000,13055,HD
GA,GA-HD-63,D,D,Safe,David Callahan,Debra Bazemore,FALSE,21450,0.0000000171000000,13063,HD
GA,GA-HD-66,D,D,Safe,Jason Jones,Kimberly Alexander,FALSE,22939,0.0000000160000000,13066,HD
GA,GA-HD-67,R,R,Safe,Micah Gravley,Angela Mayfield,FALSE,20048,0.0000003810000000,13067,HD
GA,GA-HD-68,R,R,Safe,J. Collins,Dominique Conteh,FALSE,22601,0.0000003380000000,13068,HD
GA,GA-HD-69,R,R,Safe,Randy Nix,Herbert Giles,FALSE,22607,0.0000003380000000,13069,HD
GA,GA-HD-71,FALSE,R,Safe,TBA,Jill Prouty,FALSE,22119,0.0000003450000000,13071,HD
GA,GA-HD-72,R,R,Safe,Josh Bonner,Fred Rovner,FALSE,21638,0.0000003530000000,13072,HD
GA,GA-HD-73,R,R,Safe,Karen Mathiak,William Harris,FALSE,22569,0.0000003380000000,13073,HD
GA,GA-HD-79,D,D,Lean,Andrea Johnson,Michael Wilensky,FALSE,18185,0.0000001680000000,13079,HD
GA,GA-HD-80,D,D,Lean,Alan Cole,Matthew Wilson,FALSE,20803,0.0000001470000000,13080,HD
GA,GA-HD-85,D,D,Safe,FALSE,Karla Drenner,Andrew Bell,19253,0.0000000190000000,13085,HD
GA,GA-HD-92,FALSE,D,Safe,FALSE,TBA,Raymond Davis,20637,0.0000000177000000,13092,HD
GA,GA-HD-93,FALSE,D,Safe,Hubert Owens,TBA,FALSE,21126,0.0000000173000000,13093,HD
GA,GA-HD-95,D,D,Lean,Erica McCurdy,Beth Moore,FALSE,20926,0.0000001460000000,13095,HD
GA,GA-HD-97,R,R,Likely,Bonnie Rich,Mary Campbell,FALSE,21268,0.0000009520000000,13097,HD
GA,GA-HD-98,R,R,Safe,David Clark,Taeho Cho,FALSE,21191,0.0000003600000000,13098,HD
GA,GA-HD-101,D,D,Safe,Carol Field,Sam Park,FALSE,19349,0.0000000189000000,13101,HD
GA,GA-HD-102,D,D,Tilt,Soo Hong,Gregg Kennard,FALSE,19994,0.0000003010000000,13102,HD
GA,GA-HD-103,FALSE,R,Safe,TBA,Clifton Marshall,FALSE,23166,0.0000003300000000,13103,HD
GA,GA-HD-104,R,R,Lean,Chuck Efstration,TBA,FALSE,22318,0.0000010200000000,13104,HD
GA,GA-HD-105,D,D,Likely,Eric Dierks,Donna McLeod,FALSE,22007,0.0000000609000000,13105,HD
GA,GA-HD-106,R,D,Lean,Brett Harrell,TBA,FALSE,20923,0.0000001460000000,13106,HD
GA,GA-HD-107,D,D,Likely,Michael McConnell,Shelly Hutchinson,FALSE,19167,0.0000000699000000,13107,HD
GA,GA-HD-108,D,D,Lean,Johnny Crist,Jasmine Clark,FALSE,19073,0.0000001610000000,13108,HD
GA,GA-HD-109,R,R,Tilt,Dale Rutledge,Regina Lewis-Ward,FALSE,22748,0.0000007960000000,13109,HD
GA,GA-HD-110,FALSE,R,Safe,Clint Crowe,Ebony Carter,FALSE,22473,0.0000003400000000,13110,HD
GA,GA-HD-112,R,R,Safe,Dave Belton,Malcolm Adams,FALSE,22347,0.0000003420000000,13112,HD
GA,GA-HD-114,R,R,Safe,Tom Kirby,FALSE,Femi Oduwole,22888,0.0000003340000000,13114,HD
GA,GA-HD-115,R,R,Safe,Bruce Williamson,Debbie Reed,FALSE,21723,0.0000003520000000,13115,HD
GA,GA-HD-117,R,R,Likely,Houston Gaines,Mokah Johnson,FALSE,23608,0.0000008570000000,13117,HD
GA,GA-HD-119,R,R,Likely,Marcus A. Wiedower,Jonathon Wallace,FALSE,23388,0.0000008650000000,13119,HD
GA,GA-HD-122,R,R,Safe,Jodi Lott,Doris Crutchfield,FALSE,24448,0.0000003120000000,13122,HD
GA,GA-HD-124,D,D,Safe,FALSE,Wayne Howard,Scott Cambers,20182,0.0000000181000000,13124,HD
GA,GA-HD-126,D,D,Safe,William Harris,Gloria Frazier,FALSE,21737,0.0000000168000000,13126,HD
GA,GA-HD-129,R,R,Safe,Susan Holmes,Sharonda Bell,Joe Reed,22045,0.0000003470000000,13129,HD
GA,GA-HD-130,R,R,Safe,David Knight,Sheila Henley,FALSE,21097,0.0000003620000000,13130,HD
GA,GA-HD-131,FALSE,R,Safe,TBA,Chris Benton,FALSE,21863,0.0000003490000000,13131,HD
GA,GA-HD-132,FALSE,D,Lean,TBA,TBA,FALSE,21311,0.0000001440000000,13132,HD
GA,GA-HD-134,R,R,Safe,Richard Smith,TBA,FALSE,22853,0.0000003340000000,13134,HD
GA,GA-HD-138,R,R,Likely,Mike Cheokas,Marc Arnett,FALSE,20679,0.0000009790000000,13138,HD
GA,GA-HD-144,R,R,Safe,Danny Mathis,Mary Whipple-Lue,FALSE,21049,0.0000003630000000,13144,HD
GA,GA-HD-145,R,R,Safe,Ricky A. Williams,TBA,FALSE,22459,0.0000003400000000,13145,HD
GA,GA-HD-147,FALSE,R,Lean,TBA,Stephen Baughier,FALSE,21306,0.0000010700000000,13147,HD
GA,GA-HD-148,R,R,Safe,Noel Williams,Regina Awung,FALSE,21378,0.0000003570000000,13148,HD
GA,GA-HD-151,R,FALSE,Toss-Up,Gerald Greene,Joyce Barlow,FALSE,20026,0.0000005620000000,13151,HD
GA,GA-HD-155,R,R,Safe,Clay Pirkle,Lethia Jones Kittrell,FALSE,21100,0.0000003620000000,13155,HD
GA,GA-HD-158,R,R,Safe,Butch Parrish,Ann Gleason,FALSE,21571,0.0000003540000000,13158,HD
GA,GA-HD-164,R,R,Tilt,Ron Stephens,TBA,FALSE,23337,0.0000007760000000,13164,HD
GA,GA-HD-166,R,R,Safe,Jesse Petrea,Michael Mack,FALSE,24084,0.0000003170000000,13166,HD
GA,GA-HD-169,R,R,Safe,Dominic Lariccia,Buckle Moore,FALSE,21113,0.0000003620000000,13169,HD
GA,GA-HD-170,R,R,Safe,Penny Houston,Andre Oliver,FALSE,20436,0.0000003740000000,13170,HD
GA,GA-HD-173,R,R,Safe,Darlene Taylor,Booker Gainor,FALSE,21105,0.0000003620000000,13173,HD
GA,GA-HD-176,R,R,Safe,James Burchett,Evans Primus,FALSE,22240,0.0000003430000000,13176,HD
GA,GA-HD-179,R,R,Safe,Don Hogan,Julie Jordan,FALSE,22508,0.0000003390000000,13179,HD
GA,GA-HD-180,R,R,Safe,Steven Sainz,FALSE,FALSE,21817,0.0000003500000000,13180,HD
GA,GA-SD-1,R,R,Safe,Ben Watson,Kerri Wilkins McGinty,FALSE,71176,0.0000000387000000,13001,SD
GA,GA-SD-3,FALSE,R,Safe,TBA,David Sharpe,Cedric King,71369,0.0000000386000000,13003,SD
GA,GA-SD-6,D,D,Safe,Harrison Lance,Jen Jordan,FALSE,70954,0.0000000009740000,13006,SD
GA,GA-SD-8,FALSE,R,Safe,Russ Goodman,Treva Gear,FALSE,69399,0.0000000397000000,13008,SD
GA,GA-SD-9,R,R,Lean,P. K. Martin,TBA,FALSE,71163,0.0000000761000000,13009,SD
GA,GA-SD-12,FALSE,D,Safe,TBA,TBA,FALSE,65055,0.0000000010600000,13012,SD
GA,GA-SD-13,R,R,Safe,Carden Summers,TBA,FALSE,67191,0.0000000410000000,13013,SD
GA,GA-SD-14,R,R,Safe,Bruce Thompson,TBA,FALSE,69616,0.0000000396000000,13014,SD
GA,GA-SD-16,R,R,Safe,Marty Harbin,Clinquez Jester,FALSE,69514,0.0000000397000000,13016,SD
GA,GA-SD-17,R,R,Likely,Brian Strickland,Kelly Rose,FALSE,71032,0.0000000815000000,13017,SD
GA,GA-SD-20,FALSE,R,Safe,TBA,Julius Johnson,FALSE,72234,0.0000000382000000,13020,SD
GA,GA-SD-23,FALSE,R,Safe,TBA,Ceretta Smith,FALSE,67782,0.0000000407000000,13023,SD
GA,GA-SD-25,R,R,Safe,Burt Jones,Veronica Brison,FALSE,72881,0.0000000378000000,13025,SD
GA,GA-SD-27,R,R,Safe,Greg Dolezal,Brooke Griffiths,FALSE,73548,0.0000000375000000,13027,SD
GA,GA-SD-30,R,R,Safe,Michael Dugan,TBA,FALSE,69450,0.0000000397000000,13030,SD
GA,GA-SD-30,R,R,Safe,Michael Dugan,TBA,FALSE,69450,0.0000000397000000,13030,SD
GA,GA-SD-31,FALSE,R,Safe,TBA,Tianna Smith,FALSE,71307,0.0000000387000000,13031,SD
GA,GA-SD-31,FALSE,R,Safe,TBA,Tianna Smith,FALSE,71307,0.0000000387000000,13031,SD
GA,GA-SD-32,R,R,Safe,Kay Kirkpatrick,Christine Triebsch,FALSE,69233,0.0000000398000000,13032,SD
GA,GA-SD-37,R,R,Safe,Lindsey Tippins,TBA,FALSE,71455,0.0000000386000000,13037,SD
GA,GA-SD-40,D,D,Lean,Garry Guan,Sally Harrell,FALSE,62890,0.0000000094300000,13040,SD
GA,GA-SD-41,FALSE,D,Safe,William Park Freeman,TBA,FALSE,61856,0.0000000011200000,13041,SD
GA,GA-SD-43,D,D,Safe,Melanie Williams,Tonya Anderson,FALSE,68267,0.0000000010100000,13043,SD
GA,GA-SD-44,FALSE,D,Safe,Benjamin Brooks,TBA,FALSE,70443,0.0000000009820000,13044,SD
GA,GA-SD-45,FALSE,R,Safe,TBA,TBA,FALSE,68460,0.0000000403000000,13045,SD
GA,GA-SD-46,R,R,Safe,Bill Cowsert,Zachary Perry,FALSE,76966,0.0000000358000000,13046,SD
GA,GA-SD-47,R,R,Safe,Frank Ginn,Dawn Johnson,FALSE,71243,0.0000000387000000,13047,SD
GA,GA-SD-48,FALSE,D,Tilt,Matt Reeves,TBA,FALSE,59846,0.0000000197000000,13048,SD
GA,GA-SD-50,FALSE,R,Safe,TBA,Dee Daley,FALSE,70427,0.0000000392000000,13050,SD
GA,GA-SD-51,R,R,Safe,Steve Gooch,June Krise,FALSE,77921,0.0000000354000000,13051,SD
GA,GA-SD-52,R,R,Safe,Chuck Hufstetler,Charles DeYoung,FALSE,66013,0.0000000418000000,13052,SD
GA,GA-SD-56,R,R,Lean,John Albers,Sarah Beeson,FALSE,67956,0.0000000797000000,13056,SD
KS,KS-HD-2,R,R,Lean,Kenneth Collins,Lynn Grant,FALSE,8582,0.0000169000000000,20002,HD
KS,KS-HD-3,D,D,Lean,Chuck Smith,Monica Murnan,FALSE,9093,0.0000240000000000,20003,HD
KS,KS-HD-4,FALSE,R,Safe,TBA,Bill Meyer,FALSE,8694,0.0000019800000000,20004,HD
KS,KS-HD-5,FALSE,R,Safe,TBA,Roger Sims,FALSE,8285,0.0000020800000000,20005,HD
KS,KS-HD-9,FALSE,R,Safe,TBA,Alana Cloutier,FALSE,8316,0.0000020700000000,20009,HD
KS,KS-HD-12,R,R,Safe,Doug Blex,FALSE,FALSE,8339,0.0000020600000000,20012,HD
KS,KS-HD-13,R,R,Safe,Joe Newland,Mark Pringle,FALSE,8298,0.0000020700000000,20013,HD
KS,KS-HD-14,R,R,Tilt,Charlotte Esau,Angela Justus Schweller,FALSE,8996,0.0000265000000000,20014,HD
KS,KS-HD-15,R,R,Tilt,John Toplikar,Cole Fine,FALSE,7397,0.0000322000000000,20015,HD
KS,KS-HD-16,FALSE,D,Likely,Rashard Young,Linda Featherston,FALSE,9298,0.0000122000000000,20016,HD
KS,KS-HD-17,FALSE,FALSE,Toss-Up,Kristine Sapp,Jo Ella Hoye,FALSE,8808,0.0000356000000000,20017,HD
KS,KS-HD-18,D,D,Lean,TBA,Cindy Neighbor,FALSE,8859,0.0000246000000000,20018,HD
KS,KS-HD-20,FALSE,R,Likely,TBA,Mari-Lynn Poskin,FALSE,9870,0.0000068600000000,20020,HD
KS,KS-HD-21,D,D,Safe,Bob Reese,Jerry Stogsdill,FALSE,9263,0.0000031600000000,20021,HD
KS,KS-HD-23,D,D,Lean,Jeff Shull,Susan Ruiz,FALSE,8039,0.0000271000000000,20023,HD
KS,KS-HD-26,R,R,Likely,Adam Thomas,W. Michael Shimeall,FALSE,8379,0.0000080800000000,20026,HD
KS,KS-HD-27,R,R,Safe,Sean Tarwater,Sona Patel,FALSE,9357,0.0000018400000000,20027,HD
KS,KS-HD-28,FALSE,R,Lean,TBA,Sally Jercha,FALSE,8036,0.0000181000000000,20028,HD
KS,KS-HD-29,D,D,Safe,Jerry Clinton,Brett Parker,FALSE,8641,0.0000033900000000,20029,HD
KS,KS-HD-30,D,D,Likely,TBA,Brandon Woodard,FALSE,9390,0.0000120000000000,20030,HD
KS,KS-HD-31,D,D,Safe,Landon Griffith,Louis Ruiz,FALSE,7414,0.0000039500000000,20031,HD
KS,KS-HD-32,FALSE,D,Safe,Greg Conchola,TBA,FALSE,4276,0.0000068400000000,20032,HD
KS,KS-HD-33,D,D,Likely,Jordan Michael Mackey,Tom Burroughs,FALSE,8308,0.0000136000000000,20033,HD
KS,KS-HD-35,FALSE,D,Safe,Mark David Snelson,TBA,FALSE,7224,0.0000040500000000,20035,HD
KS,KS-HD-36,D,D,Safe,Mark Gilstrap,Kathy Wolfe Moore,FALSE,9245,0.0000031700000000,20036,HD
KS,KS-HD-38,FALSE,R,Safe,TBA,Sherri Grogan,FALSE,9392,0.0000018300000000,20038,HD
KS,KS-HD-39,R,R,Lean,Owen Donohue,TBA,FALSE,8389,0.0000173000000000,20039,HD
KS,KS-HD-40,R,R,Tilt,David French,Joana Scholtz,FALSE,9202,0.0000259000000000,20040,HD
KS,KS-HD-41,FALSE,D,Lean,Pat Proctor,TBA,FALSE,8605,0.0000254000000000,20041,HD
KS,KS-HD-43,R,R,Safe,William Sutton,Pamela Finley,FALSE,8440,0.0000020400000000,20043,HD
KS,KS-HD-47,R,R,Safe,Ronald Ellis,Michael Caddell,FALSE,8539,0.0000020100000000,20047,HD
KS,KS-HD-48,D,FALSE,Toss-Up,Terry Frederick,Jennifer Day,FALSE,8161,0.0000385000000000,20048,HD
KS,KS-HD-49,R,R,Lean,Megan Lynn,TBA,FALSE,7592,0.0000191000000000,20049,HD
KS,KS-HD-50,R,R,Safe,Fred Patton,Timothy Reed,FALSE,8664,0.0000019900000000,20050,HD
KS,KS-HD-52,FALSE,R,Likely,TBA,TBA,FALSE,8821,0.0000076800000000,20052,HD
KS,KS-HD-53,D,D,Safe,Jeff Coen,Jim Gartner,FALSE,9039,0.0000032400000000,20053,HD
KS,KS-HD-54,R,R,Safe,Ken Corbet,John Brosz,FALSE,8273,0.0000020800000000,20054,HD
KS,KS-HD-55,D,D,Safe,Janlyn Nesbett Tucker,Annie Kuether,FALSE,8775,0.0000033400000000,20055,HD
KS,KS-HD-56,D,D,Likely,Tim Clothier,Virgil Weigel,FALSE,9220,0.0000123000000000,20056,HD
KS,KS-HD-57,D,D,Safe,Michael Martin,John Alcala,FALSE,7752,0.0000037800000000,20057,HD
KS,KS-HD-58,FALSE,D,Safe,Geoffrey Gawdun,Vic Miller,FALSE,7265,0.0000040300000000,20058,HD
KS,KS-HD-59,FALSE,R,Safe,TBA,Caren Rugg,FALSE,8524,0.0000020200000000,20059,HD
KS,KS-HD-60,R,R,Safe,Mark Schreiber,Todd Maddox,FALSE,8544,0.0000020100000000,20060,HD
KS,KS-HD-64,R,R,Safe,Susan Carlson,Jim Vathauer,FALSE,8775,0.0000019600000000,20064,HD
KS,KS-HD-67,FALSE,R,Likely,Mike Dodson,Cheryl Arthur,FALSE,9999,0.0000067700000000,20067,HD
KS,KS-HD-68,R,R,Safe,Dave Baker,Scott Dawson,FALSE,8882,0.0000019400000000,20068,HD
KS,KS-HD-69,FALSE,R,Lean,Clarke Sanders,TBA,FALSE,7869,0.0000185000000000,20069,HD
KS,KS-HD-70,FALSE,R,Safe,TBA,Jo Schwartz,FALSE,8235,0.0000020900000000,20070,HD
KS,KS-HD-71,FALSE,R,Safe,TBA,Jeffrey Zamrzla,FALSE,8623,0.0000020000000000,20071,HD
KS,KS-HD-72,D,D,Tilt,TBA,Tim Hodge,FALSE,8367,0.0000361000000000,20072,HD
KS,KS-HD-75,R,R,Safe,Will Carpenter,Ethan Caylor,FALSE,8887,0.0000019400000000,20075,HD
KS,KS-HD-77,R,R,Safe,Kristey Williams,FALSE,FALSE,8273,0.0000020800000000,20077,HD
KS,KS-HD-78,R,R,Likely,Ron Ryckman,Kathy Meyer,FALSE,8016,0.0000084500000000,20078,HD
KS,KS-HD-79,R,R,Lean,Cheryl Helmer,TBA,FALSE,8755,0.0000166000000000,20079,HD
KS,KS-HD-81,R,R,Safe,Blake Carpenter,Matthew Joyce,FALSE,7645,0.0000022500000000,20081,HD
KS,KS-HD-82,FALSE,R,Safe,TBA,Edward Hackerott,FALSE,8684,0.0000019800000000,20082,HD
KS,KS-HD-83,D,D,Safe,Crystal Dozier,Henry Helgerson,FALSE,7478,0.0000039100000000,20083,HD
KS,KS-HD-84,D,D,Safe,Janet Sue Rine,Gail Finney,FALSE,7254,0.0000040300000000,20084,HD
KS,KS-HD-85,FALSE,R,Lean,TBA,Marcey Gregory,FALSE,10182,0.0000143000000000,20085,HD
KS,KS-HD-86,FALSE,D,Safe,Cyndi Howerton,Stephanie Byers,FALSE,7691,0.0000038100000000,20086,HD
KS,KS-HD-87,FALSE,R,Tilt,Susan Oliver Estes,Matt Fox,FALSE,9057,0.0000263000000000,20087,HD
KS,KS-HD-88,D,D,Safe,Wade Moore,Elizabeth Bishop,FALSE,8306,0.0000035200000000,20088,HD
KS,KS-HD-89,D,D,Safe,TBA,KC Ohaebosim,FALSE,8026,0.0000036500000000,20089,HD
KS,KS-HD-92,D,D,Safe,Patrick McCormack,John Carmichael,FALSE,8138,0.0000036000000000,20092,HD
KS,KS-HD-94,R,R,Safe,Leo Delperdang,Derek Milligan,FALSE,8537,0.0000020200000000,20094,HD
KS,KS-HD-95,D,D,Safe,Christopher Parisho,Tom Sawyer,FALSE,8460,0.0000034600000000,20095,HD
KS,KS-HD-96,D,D,Lean,Tom Kessler,Stephanie Yeager,FALSE,7226,0.0000302000000000,20096,HD
KS,KS-HD-98,R,FALSE,Toss-Up,Ron Howard,TBA,FALSE,7942,0.0000395000000000,20098,HD
KS,KS-HD-99,R,R,Safe,Susan Humphries,Phil Hodson,FALSE,8737,0.0000019700000000,20099,HD
KS,KS-HD-100,R,R,Safe,Daniel Hawkins,Chad Smith,FALSE,8786,0.0000019600000000,20100,HD
KS,KS-HD-101,R,R,Safe,Joe Seiwert,Elliott Adams,FALSE,8143,0.0000021100000000,20101,HD
KS,KS-HD-102,D,D,Tilt,John Whitesel,Jason Probst,FALSE,8334,0.0000363000000000,20102,HD
KS,KS-HD-103,D,D,Safe,Susanne Haynes,Ponka-We Victors,FALSE,6033,0.0000048500000000,20103,HD
KS,KS-HD-104,R,R,Safe,Paul Waggoner,Garth Strand,FALSE,8745,0.0000019700000000,20104,HD
KS,KS-HD-105,R,R,Safe,Brenda Landwehr,Michelle Snyder,FALSE,9245,0.0000018600000000,20105,HD
KS,KS-HD-106,FALSE,R,Safe,TBA,James Swim,FALSE,8316,0.0000020700000000,20106,HD
KS,KS-HD-111,R,R,Lean,Barb Wasinger,Eber Phelps,FALSE,9712,0.0000150000000000,20111,HD
KS,KS-HD-114,FALSE,R,Safe,TBA,Jeff Stroberg,FALSE,8714,0.0000019700000000,20114,HD
KS,KS-HD-116,FALSE,R,Safe,Kyle D. Hoffman,Rick Roitman,FALSE,7988,0.0000021500000000,20116,HD
KS,KS-HD-119,R,R,Lean,Bradley Ralph,Jan Scoggins,FALSE,5779,0.0000252000000000,20119,HD
KS,KS-HD-121,R,R,Safe,John Resman,James Rexford,FALSE,9590,0.0000017900000000,20121,HD
KS,KS-SD-1,R,R,Safe,Dennis Pyle,Kirk Miller,FALSE,26819,0.0000004470000000,20001,SD
KS,KS-SD-3,D,D,Lean,Willie Dove,Tom Holland,FALSE,28596,0.0000030700000000,20003,SD
KS,KS-SD-4,D,D,Safe,Sam Stillwell,David Haley,FALSE,21938,0.0000004790000000,20004,SD
KS,KS-SD-5,R,FALSE,Toss-Up,Kevin Braun,Jeffrey Pittman,FALSE,28053,0.0000059200000000,20005,SD
KS,KS-SD-6,D,D,Safe,Dianna Whittington,Pat Pettey,FALSE,21154,0.0000004960000000,20006,SD
KS,KS-SD-7,FALSE,D,Likely,Laura McConwell,Ethan Corson,FALSE,28426,0.0000014900000000,20007,SD
KS,KS-SD-8,FALSE,D,Lean,James Todd,Cindy Holscher,FALSE,27476,0.0000032000000000,20008,SD
KS,KS-SD-9,R,R,Likely,Julia Lynn,Stacey Knoell,FALSE,27225,0.0000017000000000,20009,SD
KS,KS-SD-10,FALSE,FALSE,Toss-Up,TBA,Lindsey Constance,FALSE,27197,0.0000061100000000,20010,SD
KS,KS-SD-11,FALSE,R,Safe,TBA,Joy Koesten,FALSE,26974,0.0000004450000000,20011,SD
KS,KS-SD-12,R,R,Safe,Caryn Tyson,Mike Bruner,FALSE,26230,0.0000004570000000,20012,SD
KS,KS-SD-13,R,R,Safe,Richard Hilderbrand,Nancy Ingle,FALSE,27291,0.0000004400000000,20013,SD
KS,KS-SD-16,R,R,Safe,Ty Masterson,Timothy Don Fry II,FALSE,27639,0.0000004340000000,20016,SD
KS,KS-SD-17,R,R,Safe,Jeff Longbine,Stephen Vecchione,FALSE,25709,0.0000004670000000,20017,SD
KS,KS-SD-18,FALSE,FALSE,Toss-Up,Kristen O'Shea,TBA,FALSE,26666,0.0000062300000000,20018,SD
KS,KS-SD-19,D,D,Likely,Rick Kloos,Anthony Hensley,FALSE,25414,0.0000016600000000,20019,SD
KS,KS-SD-20,FALSE,R,Likely,TBA,Rachel Willis,FALSE,27941,0.0000016500000000,20020,SD
KS,KS-SD-21,D,D,Lean,Tom Bickimer,Dinah Sykes,FALSE,28317,0.0000031000000000,20021,SD
KS,KS-SD-22,D,D,Lean,TBA,Tom Hawk,FALSE,33860,0.0000025900000000,20022,SD
KS,KS-SD-23,FALSE,R,Likely,TBA,Wendy Budetti,FALSE,24307,0.0000019000000000,20023,SD
KS,KS-SD-25,D,D,Likely,Vail Fruechting,Mary Ware,FALSE,25531,0.0000016600000000,20025,SD
KS,KS-SD-27,R,R,Safe,Gene Suellentrop,Mike McCorkle,FALSE,27728,0.0000004330000000,20027,SD
KS,KS-SD-28,R,FALSE,Toss-Up,Mike Petersen,Jim Ward,FALSE,23845,0.0000069600000000,20028,SD
KS,KS-SD-29,D,D,Safe,Myron Ackerman,Oletha Faust-Goudeau,FALSE,22238,0.0000004720000000,20029,SD
KS,KS-SD-30,FALSE,R,Likely,Renee Erickson,TBA,FALSE,26963,0.0000017100000000,20030,SD
KS,KS-SD-34,FALSE,R,Safe,TBA,Shanna Henry,FALSE,26349,0.0000004550000000,20034,SD
KS,KS-SD-37,R,R,Safe,Molly Baumgardner,Becca Peck,FALSE,27872,0.0000004300000000,20037,SD
KS,KS-SD-38,R,R,Safe,Bud Estes,Edgar Pando,FALSE,18914,0.0000006340000000,20038,SD
KS,KS-SD-40,R,R,Safe,Rick Billinger,Larry Dreiling,FALSE,28175,0.0000004260000000,20040,SD
MN,MN-HD-01A,FALSE,R,Safe,TBA,Connie Lindstrom,FALSE,19137,-0.0000000435000000,2701A,HD
MN,MN-HD-01B,R,R,Safe,Debra Kiel,Cindy Ansbacher,FALSE,18919,-0.0000000440000000,2701B,HD
MN,MN-HD-02A,R,R,Safe,Matthew J. Grossell,Jeremiah Liend,FALSE,18801,-0.0000000442000000,2702A,HD
MN,MN-HD-02B,R,R,Safe,Steve Green,David Suby,FALSE,19054,-0.0000000437000000,2702B,HD
MN,MN-HD-03A,D,D,Safe,Thomas Manninen,Rob Ecklund,FALSE,20576,-0.0000001420000000,2703A,HD
MN,MN-HD-03B,D,D,Safe,Andrew J. Hjelle,Mary Murphy,FALSE,20438,-0.0000001430000000,2703B,HD
MN,MN-HD-04A,FALSE,D,Safe,Edwin Hahn,TBA,FALSE,20598,-0.0000001420000000,2704A,HD
MN,MN-HD-04B,D,D,Safe,Brian Anderson,Paul Marquart,FALSE,19570,-0.0000001490000000,2704B,HD
MN,MN-HD-05A,D,FALSE,Toss-Up,Matt Bliss,John Persell,FALSE,20300,-0.0000009550000000,2705A,HD
MN,MN-HD-05B,FALSE,R,Lean,Spencer Igo,Joe Abeyta,FALSE,20191,-0.0000003660000000,2705B,HD
MN,MN-HD-06A,D,D,Safe,Robert Farnsworth,Julie Sandstede,FALSE,19230,-0.0000001520000000,2706A,HD
MN,MN-HD-06B,D,D,Safe,Julie Buria,David Lislegard,FALSE,20608,-0.0000001420000000,2706B,HD
MN,MN-HD-07A,D,D,Safe,Tom Sullivan,Jennifer Schultz,FALSE,20573,-0.0000001420000000,2707A,HD
MN,MN-HD-07B,D,D,Safe,Art Johnston,Liz Olson,FALSE,19656,-0.0000001490000000,2707B,HD
MN,MN-HD-08A,FALSE,R,Safe,Jordan Rasmusson,Brittney Johnson,FALSE,20089,-0.0000000414000000,2708A,HD
MN,MN-HD-08B,R,R,Safe,Mary Franson,Carol Wenner,FALSE,19996,-0.0000000416000000,2708B,HD
MN,MN-HD-09A,R,R,Safe,John M. Poston,Alex Herring,FALSE,19009,-0.0000000438000000,2709A,HD
MN,MN-HD-09B,R,R,Safe,Ron Kresha,Laura Wright,FALSE,18746,-0.0000000444000000,2709B,HD
MN,MN-HD-10A,R,R,Safe,Josh Heintzeman,Dale Menk,FALSE,19499,-0.0000000427000000,2710A,HD
MN,MN-HD-10B,R,R,Safe,Dale K. Lueck,Gaylene Spolarich,FALSE,20666,-0.0000000403000000,2710B,HD
MN,MN-HD-11A,D,D,Safe,Jeff Dotseth,Mike Sundin,FALSE,19624,-0.0000001490000000,2711A,HD
MN,MN-HD-11B,R,R,Safe,Nathan Nelson,Jake Frechette,FALSE,19554,-0.0000000425000000,2711B,HD
MN,MN-HD-12A,R,R,Safe,Jeffery W. Backer,Murray Smart,FALSE,19381,-0.0000000429000000,2712A,HD
MN,MN-HD-12B,R,R,Safe,Paul Anderson,Ben Schirmers,FALSE,19378,-0.0000000429000000,2712B,HD
MN,MN-HD-13A,R,R,Safe,Lisa Demuth,Katy Westlund,FALSE,19903,-0.0000000418000000,2713A,HD
MN,MN-HD-13B,R,R,Safe,Tim O'Driscoll,Benjamin Carollo,FALSE,19506,-0.0000000426000000,2713B,HD
MN,MN-HD-14A,R,R,Lean,Tama Theis,Tamara 'Tami' Calhoun,FALSE,19384,-0.0000003810000000,2714A,HD
MN,MN-HD-14B,D,D,Safe,Paul Brandmire,Dan Wolgamott,FALSE,19894,-0.0000001470000000,2714B,HD
MN,MN-HD-15A,R,R,Safe,Sondra Erickson,Cal Schmock,FALSE,18919,-0.0000000440000000,2715A,HD
MN,MN-HD-15B,FALSE,R,Safe,TBA,Ron Thiessen,Myron Arthur Wilson,19016,-0.0000000437000000,2715B,HD
MN,MN-HD-16A,R,R,Safe,Chris Swedzinski,Doria Drost,FALSE,18205,-0.0000000457000000,2716A,HD
MN,MN-HD-16B,FALSE,R,Safe,TBA,Marinda 'Mindy' Kimmel,FALSE,18843,-0.0000000442000000,2716B,HD
MN,MN-HD-17A,R,R,Safe,Tim Miller,TBA,Ed Engelmann,18144,-0.0000000459000000,2717A,HD
MN,MN-HD-17B,R,R,Safe,Dave Baker,Logan Kortgard,FALSE,18048,-0.0000000461000000,2717B,HD
MN,MN-HD-18B,R,R,Safe,Glenn Gruenhagen,Heather Bakke,FALSE,18070,-0.0000000460000000,2718B,HD
MN,MN-HD-19A,D,D,Likely,Susan Akland,Jeff Brand,FALSE,19868,-0.0000005330000000,2719A,HD
MN,MN-HD-19B,FALSE,D,Safe,Jeremy Loger,Luke Frederick,FALSE,21044,-0.0000001390000000,2719B,HD
MN,MN-HD-20A,FALSE,R,Safe,Brian Pfarr,Erina Prom,FALSE,19275,-0.0000000432000000,2720A,HD
MN,MN-HD-20B,D,D,Safe,Joe Moravchik,Todd Lippert,FALSE,19541,-0.0000001500000000,2720B,HD
MN,MN-HD-21A,R,R,Likely,Barb Haley,Matt Bruns,FALSE,19285,-0.0000001720000000,2721A,HD
MN,MN-HD-21B,R,R,Safe,Steve Drazkowski,Elise Diesslin,FALSE,19384,-0.0000000429000000,2721B,HD
MN,MN-HD-22A,R,R,Safe,Joe Schomacker,TBA,FALSE,18314,-0.0000000454000000,2722A,HD
MN,MN-HD-22B,FALSE,R,Safe,Rod Hamilton,Lynn Herrick,FALSE,16622,-0.0000000500000000,2722B,HD
MN,MN-HD-23A,FALSE,R,Safe,TBA,Patricia Fahey Bacon,FALSE,18734,-0.0000000444000000,2723A,HD
MN,MN-HD-23B,FALSE,R,Safe,TBA,Leroy McClelland,FALSE,18670,-0.0000000446000000,2723B,HD
MN,MN-HD-24A,R,R,Safe,John Petersburg,Tom Shea,FALSE,18612,-0.0000000447000000,2724A,HD
MN,MN-HD-24B,R,R,Safe,Brian Daniels,Ashley Martinez-Perez,FALSE,18449,-0.0000000451000000,2724B,HD
MN,MN-HD-25A,R,R,Likely,Duane Quam,Kim Hicks,FALSE,18208,-0.0000001820000000,2725A,HD
MN,MN-HD-25B,FALSE,D,Likely,Kenneth L. Bush,Liz Boldon,FALSE,19041,-0.0000005560000000,2725B,HD
MN,MN-HD-26B,R,R,Likely,Nels T. Pierson,Randy Brock,FALSE,19487,-0.0000001700000000,2726B,HD
MN,MN-HD-27A,R,R,Safe,Peggy Bennett,TBA,FALSE,18484,-0.0000000450000000,2727A,HD
MN,MN-HD-27B,D,D,Likely,Patricia Mueller,Jeanne Poppe,FALSE,17811,-0.0000005940000000,2727B,HD
MN,MN-HD-28B,R,R,Safe,Gregory M. Davids,Jordan Fontenello,FALSE,19323,-0.0000000431000000,2728B,HD
MN,MN-HD-29A,R,R,Safe,Joe McDonald,Renee Cardarelle,FALSE,19099,-0.0000000436000000,2729A,HD
MN,MN-HD-29B,R,R,Safe,Marion O'Neill,Joe Rosh,FALSE,19137,-0.0000000435000000,2729B,HD
MN,MN-HD-30A,R,R,Safe,Paul Novotny,Chad Hobot,FALSE,19019,-0.0000000437000000,2730A,HD
MN,MN-HD-30B,R,R,Safe,Eric Lucero,Brad Kovach,FALSE,18711,-0.0000000445000000,2730B,HD
MN,MN-HD-31A,FALSE,R,Safe,TBA,Brad Brown,FALSE,19109,-0.0000000435000000,2731A,HD
MN,MN-HD-31B,R,R,Safe,Cal K. Bahr,Sue Larson,FALSE,20489,-0.0000000406000000,2731B,HD
MN,MN-HD-32A,R,R,Safe,Brian Johnson,Renae Berg,FALSE,19785,-0.0000000420000000,2732A,HD
MN,MN-HD-32B,FALSE,R,Safe,TBA,Katie Malchow,FALSE,19640,-0.0000000424000000,2732B,HD
MN,MN-HD-33A,R,R,Safe,Jerry Hertaus,Caitlin Cahill,FALSE,20627,-0.0000000403000000,2733A,HD
MN,MN-HD-33B,D,D,Tilt,TBA,Kelly Morrison,FALSE,20083,-0.0000010900000000,2733B,HD
MN,MN-HD-34A,R,R,Safe,Kristin Robbins,Brian Raines,FALSE,19999,-0.0000000416000000,2734A,HD
MN,MN-HD-34B,D,D,Likely,Dori Trossen,Kristin Bahner,FALSE,21214,-0.0000004990000000,2734B,HD
MN,MN-HD-35A,R,R,Likely,John Heinrich,Mike Erickson,FALSE,20025,-0.0000001650000000,2735A,HD
MN,MN-HD-35B,R,R,Safe,Peggy Scott,Jason Ruffalo,FALSE,19147,-0.0000000434000000,2735B,HD
MN,MN-HD-36A,D,D,Lean,Bill Maresh,Zack Stephenson,FALSE,19227,-0.0000009500000000,2736A,HD
MN,MN-HD-37A,D,D,Safe,Ken Wendling,Erin Koegel,FALSE,19493,-0.0000001500000000,2737A,HD
MN,MN-HD-37B,R,FALSE,Toss-Up,Nolan West,Amir Joseph Malik,FALSE,19986,-0.0000009700000000,2737B,HD
MN,MN-HD-38A,FALSE,R,Likely,TBA,Kris Fredrick,FALSE,19474,-0.0000001700000000,2738A,HD
MN,MN-HD-38B,D,D,Tilt,Elliott Engen,Ami Wazlawik,FALSE,21460,-0.0000010200000000,2738B,HD
MN,MN-HD-39A,FALSE,R,Safe,Bob Dettmer,TBA,FALSE,19999,-0.0000000416000000,2739A,HD
MN,MN-HD-39B,D,D,Tilt,Joe Garofalo,Shelly Christensen,FALSE,20419,-0.0000010700000000,2739B,HD
MN,MN-HD-40A,D,D,Safe,David True,Michael V. Nelson,FALSE,15523,-0.0000001880000000,2740A,HD
MN,MN-HD-40B,D,D,Safe,Charlotte Smith,Samantha Vang,Mary O'Connor,16167,-0.0000001810000000,2740B,HD
MN,MN-HD-41A,D,D,Safe,Susan A. Erickson,Connie Bernardy,FALSE,18179,-0.0000001610000000,2741A,HD
MN,MN-HD-41B,FALSE,D,Safe,Ronald Ray Vogel,Sandra Feist,FALSE,18702,-0.0000001560000000,2741B,HD
MN,MN-HD-42A,D,D,Safe,Candy Sina,Kelly Moller,FALSE,20550,-0.0000001420000000,2742A,HD
MN,MN-HD-42B,D,D,Safe,Sue Finney,Jamie Becker-Finn,FALSE,20541,-0.0000001420000000,2742B,HD
MN,MN-HD-43A,D,D,Safe,Paul Babin,Peter M. Fischer,FALSE,19942,-0.0000001470000000,2743A,HD
MN,MN-HD-43B,D,D,Safe,Jordan Herzog,Leon M. Lillie,FALSE,19791,-0.0000001480000000,2743B,HD
MN,MN-HD-44A,D,D,Likely,Perry Nouis,Ginny Klevorn,FALSE,20323,-0.0000005210000000,2744A,HD
MN,MN-HD-44B,D,D,Safe,Gary Porter,Patty Acomb,FALSE,19765,-0.0000001480000000,2744B,HD
MN,MN-HD-45A,FALSE,D,Safe,Jesse Pfliger,TBA,FALSE,19009,-0.0000001540000000,2745A,HD
MN,MN-HD-45B,D,D,Safe,Ken Fitzgerald,Mike Freiberg,FALSE,20256,-0.0000001440000000,2745B,HD
MN,MN-HD-46A,D,D,Safe,Anne Taylor,Ryan Winkler,FALSE,20691,-0.0000001410000000,2746A,HD
MN,MN-HD-46B,D,D,Safe,Melissa Moore,Cheryl Youakim,FALSE,19592,-0.0000001490000000,2746B,HD
MN,MN-HD-47A,R,R,Safe,Jim Nash,Arlan Brinkmeier,FALSE,20182,-0.0000000412000000,2747A,HD
MN,MN-HD-47B,R,R,Tilt,Greg Boe,Dan Kessler,FALSE,19644,-0.0000006630000000,2747B,HD
MN,MN-HD-48A,D,D,Safe,Eric Wessels,Laurie Pryor,FALSE,19185,-0.0000001520000000,2748A,HD
MN,MN-HD-48B,D,D,Tilt,Holly Link,Carlie Kotyza-Witthuhn,FALSE,17519,-0.0000012500000000,2748B,HD
MN,MN-HD-49B,D,D,Safe,Joe Thalman,Steve Elkins,FALSE,20512,-0.0000001430000000,2749B,HD
MN,MN-HD-50A,D,D,Safe,Tim Johnson,Michael Howard,FALSE,18003,-0.0000001620000000,2750A,HD
MN,MN-HD-50B,D,D,Safe,Gary Heyer,Andrew Carlson,FALSE,19112,-0.0000001530000000,2750B,HD
MN,MN-HD-51A,FALSE,D,Safe,Patrick J. Zurick,TBA,FALSE,19307,-0.0000001510000000,2751A,HD
MN,MN-HD-51B,FALSE,D,Safe,Fern A. Smith,TBA,FALSE,18138,-0.0000001610000000,2751B,HD
MN,MN-HD-52A,D,D,Safe,Mariah de la Paz,Rick Hansen,FALSE,19067,-0.0000001530000000,2752A,HD
MN,MN-HD-52B,D,D,Likely,Cynthia Lonnquist,Ruth Richardson,FALSE,19048,-0.0000005560000000,2752B,HD
MN,MN-HD-53A,D,D,Safe,William A. Johnston,Tou Xiong,FALSE,19307,-0.0000001510000000,2753A,HD
MN,MN-HD-53B,D,D,Lean,Kelly Jahner-Byrne,Steve Sandell,FALSE,19384,-0.0000009420000000,2753B,HD
MN,MN-HD-54A,D,D,Lean,Keith Franke,Anne Claflin,FALSE,18929,-0.0000009650000000,2754A,HD
MN,MN-HD-54B,R,R,Tilt,Tony Jurgens,Kelsey Waits,FALSE,19567,-0.0000006660000000,2754B,HD
MN,MN-HD-55A,D,D,Tilt,TBA,Brad Tabke,Ryan Martin,17878,-0.0000012300000000,2755A,HD
MN,MN-HD-55B,R,R,Safe,Tony Albright,Andrea Nelsen,FALSE,19874,-0.0000000419000000,2755B,HD
MN,MN-HD-56A,FALSE,D,Tilt,TBA,Jessica Hanson,FALSE,19137,-0.0000011400000000,2756A,HD
MN,MN-HD-56B,FALSE,D,Tilt,Roz Peterson,Kaela Berg,FALSE,19205,-0.0000011400000000,2756B,HD
MN,MN-HD-57A,D,D,Likely,Megan Olson,Robert Bierman,FALSE,20172,-0.0000005250000000,2757A,HD
MN,MN-HD-57B,D,D,Lean,Sandra A. Jimenez,John D. Huot,FALSE,18557,-0.0000009840000000,2757B,HD
MN,MN-HD-58A,R,R,Likely,Jon Koznick,Erin Preese,FALSE,18730,-0.0000001770000000,2758A,HD
MN,MN-HD-58B,R,R,Safe,Pat Garofalo,Sara Wolf,FALSE,19221,-0.0000000433000000,2758B,HD
MN,MN-HD-59A,D,D,Safe,FALSE,Fue Lee,Marcus Harcus,17965,-0.0000001630000000,2759A,HD
MN,MN-HD-59B,FALSE,D,Safe,Alan Shilepsky,TBA,FALSE,21258,-0.0000001380000000,2759B,HD
MN,MN-HD-60A,D,D,Safe,John Holmberg,Sydney Jordan,FALSE,20009,-0.0000001460000000,2760A,HD
MN,MN-HD-61A,D,D,Safe,Kurtis Fechtmeyer,Frank Hornstein,FALSE,23482,-0.0000001250000000,2761A,HD
MN,MN-HD-61B,D,D,Safe,Lisa Pohlman,Jamie Long,FALSE,19945,-0.0000001470000000,2761B,HD
MN,MN-HD-62A,D,D,Safe,Arjun Kataria,Hodan Hassan,FALSE,16020,-0.0000001830000000,2762A,HD
MN,MN-HD-62B,D,D,Safe,Ross Tenneson,Aisha Gomez,FALSE,17491,-0.0000001670000000,2762B,HD
MN,MN-HD-63A,FALSE,D,Safe,Penny Arcos,TBA,David Wiester,19464,-0.0000001500000000,2763A,HD
MN,MN-HD-63B,FALSE,D,Safe,Frank Pafko,TBA,Dennis Schuller,19237,-0.0000001520000000,2763B,HD
MN,MN-HD-64A,D,D,Safe,Sherry Schack,Kaohly Her,FALSE,19817,-0.0000001480000000,2764A,HD
MN,MN-HD-64B,D,D,Safe,Georgia Dietz,Dave Pinto,FALSE,19410,-0.0000001510000000,2764B,HD
MN,MN-HD-65A,D,D,Safe,Amy Anderson,Rena Moran,FALSE,16991,-0.0000001720000000,2765A,HD
MN,MN-HD-65B,D,D,Safe,Margaret Mary Stokely,Carlos Mariani,FALSE,19349,-0.0000001510000000,2765B,HD
MN,MN-HD-66A,D,D,Safe,Brett Rose,Alice Hausman,FALSE,20297,-0.0000001440000000,2766A,HD
MN,MN-HD-66B,FALSE,D,Safe,Mikki Murray,TBA,FALSE,16888,-0.0000001730000000,2766B,HD
MN,MN-HD-67A,FALSE,D,Safe,John Stromenger,TBA,FALSE,16414,-0.0000001780000000,2767A,HD
MN,MN-HD-67B,D,D,Safe,Fred Turk,Jay Xiong,FALSE,16978,-0.0000001720000000,2767B,HD
MN,MN-SD-01,R,R,Safe,Mark Johnson,Reed Perkins,FALSE,38057,-0.0000011000000000,27001,SD
MN,MN-SD-02,R,R,Safe,Paul Utke,Leonard Alan Roy,FALSE,37855,-0.0000011000000000,27002,SD
MN,MN-SD-03,D,D,Safe,Christopher Hogan,Thomas (Tom) Bakk,FALSE,41017,-0.0000010000000000,27003,SD
MN,MN-SD-04,D,D,Likely,Mark Larson,Kent Eken,FALSE,40168,-0.0000040400000000,27004,SD
MN,MN-SD-05,R,R,Lean,Justin Eichorn,Rita Albrecht,"Robyn Smith, Dennis Barsness",40489,-0.0000083600000000,27005,SD
MN,MN-SD-06,FALSE,D,Safe,John J. Moren,TBA,FALSE,39838,-0.0000010300000000,27006,SD
MN,MN-SD-07,FALSE,D,Safe,Donna Bergstrom,TBA,FALSE,40229,-0.0000010200000000,27007,SD
MN,MN-SD-08,R,R,Safe,Bill Ingebrigtsen,Michele Anderson,FALSE,40085,-0.0000010400000000,27008,SD
MN,MN-SD-09,FALSE,R,Safe,TBA,A. John Peters,FALSE,37759,-0.0000011100000000,27009,SD
MN,MN-SD-10,FALSE,R,Safe,TBA,Steve Samuelson,FALSE,40165,-0.0000010400000000,27010,SD
MN,MN-SD-11,R,R,Likely,Jason Rarick,Michelle Lee,FALSE,39175,-0.0000042000000000,27011,SD
MN,MN-SD-12,R,R,Safe,Torrey Westrom,Jill Abahsain,FALSE,38758,-0.0000010800000000,27012,SD
MN,MN-SD-13,R,R,Safe,Jeff Howe,Michael Willemsen,FALSE,39409,-0.0000010600000000,27013,SD
MN,MN-SD-14,R,FALSE,Toss-Up,Jerry Relph,Aric Putnam,Jaden Partlow,39278,-0.0000154000000000,27014,SD
MN,MN-SD-15,R,R,Safe,Andrew Matthews,Brent Krist,FALSE,37938,-0.0000011000000000,27015,SD
MN,MN-SD-16,R,R,Safe,Gary Dahms,FALSE,"Steve ""Stoney"" Preslicka",37048,-0.0000011300000000,27016,SD
MN,MN-SD-17,R,R,Safe,Andrew Lang,Fernando Alvarado,FALSE,36189,-0.0000011600000000,27017,SD
MN,MN-SD-18,R,R,Safe,Scott Newman,Chad R. Tschimperle,FALSE,36894,-0.0000011300000000,27018,SD
MN,MN-SD-19,D,D,Safe,Elizabeth Bangert,Nick Frentz,FALSE,40912,-0.0000010100000000,27019,SD
MN,MN-SD-20,R,R,Lean,Rich Draheim,Jon Olson,Jason Hoschette,38816,-0.0000087200000000,27020,SD
MN,MN-SD-21,R,R,Likely,Michael P. Goggin,Ralph Kaehler,FALSE,38669,-0.0000042600000000,27021,SD
MN,MN-SD-22,R,R,Safe,Bill Weber,TBA,Brian Abrahamson,34936,-0.0000012000000000,27022,SD
MN,MN-SD-23,R,R,Safe,Julie A. Rosen,FALSE,David Pulkrabek,37403,-0.0000011200000000,27023,SD
MN,MN-SD-24,R,R,Safe,John R. Jasinski,Roger Steinkamp,FALSE,37060,-0.0000011300000000,27024,SD
MN,MN-SD-25,R,R,Likely,David Senjem,Sara Flick,FALSE,37249,-0.0000044200000000,27025,SD
MN,MN-SD-26,R,R,Lean,Carla Nelson,Aleta Borrund,FALSE,38563,-0.0000087700000000,27026,SD
MN,MN-SD-27,D,D,Lean,Gene Dornink,Dan Sparks,Tyler Becvar,36295,-0.0000092100000000,27027,SD
MN,MN-SD-28,R,R,Safe,Jeremy Miller,Sarah Kruger,Eric Leitzen,39588,-0.0000010600000000,27028,SD
MN,MN-SD-29,R,R,Safe,Bruce D. Anderson,Chris Brazelton,Mary Murphy,38239,-0.0000010900000000,27029,SD
MN,MN-SD-30,R,R,Safe,Mary Kiffmeyer,Diane Nguyen,FALSE,37730,-0.0000011100000000,27030,SD
MN,MN-SD-31,R,R,Safe,Michelle R. Benson,Kate Luthner,FALSE,39598,-0.0000010600000000,27031,SD
MN,MN-SD-32,R,R,Safe,Mark Koran,Joshua Fike,FALSE,39425,-0.0000010600000000,27032,SD
MN,MN-SD-33,R,R,Likely,David Osmek,Gretchen Piper,FALSE,40710,-0.0000040400000000,27033,SD
MN,MN-SD-34,R,R,Safe,Warren Limmer,Bonnie Westlin,FALSE,41213,-0.0000010100000000,27034,SD
MN,MN-SD-35,R,R,Safe,Jim Abeler,David L. Nelson,FALSE,39169,-0.0000010700000000,27035,SD
MN,MN-SD-36,D,D,Likely,Karen Attia,John Hoffman,FALSE,37647,-0.0000043100000000,27036,SD
MN,MN-SD-37,D,D,Lean,Brad Sanford,Jerry Newton,FALSE,39479,-0.0000084700000000,27037,SD
MN,MN-SD-38,R,R,Lean,Roger Chamberlain,Justin Stofferahn,FALSE,40934,-0.0000082700000000,27038,SD
MN,MN-SD-39,R,R,Likely,Karin Housley,TBA,FALSE,40418,-0.0000040700000000,27039,SD
MN,MN-SD-40,D,D,Safe,Robert Marvin,Chris Eaton,FALSE,31691,-0.0000013000000000,27040,SD
MN,MN-SD-41,FALSE,D,Safe,Lucia Marina Vogel,Mary Kunesh-Podein,FALSE,36881,-0.0000011200000000,27041,SD
MN,MN-SD-42,D,D,Safe,Ben Schwanke,"Jason ""Ike"" Isaacson",FALSE,41091,-0.0000010000000000,27042,SD
MN,MN-SD-43,D,D,Safe,Bob Zick,"Charles ""Chuck"" Wiger",Doug Daubenspeck,39733,-0.0000010400000000,27043,SD
MN,MN-SD-44,FALSE,D,Likely,Greg Pulles,Ann Johnson Stewart,FALSE,40088,-0.0000040400000000,27044,SD
MN,MN-SD-45,D,D,Safe,Roxana Bruins,Ann H. Rest,Andy Schuler,39268,-0.0000010500000000,27045,SD
MN,MN-SD-46,D,D,Safe,Bryan P. Bjrnson,Ron Latz,FALSE,40284,-0.0000010200000000,27046,SD
MN,MN-SD-47,FALSE,R,Safe,TBA,TBA,FALSE,39825,-0.0000010500000000,27047,SD
MN,MN-SD-48,D,D,Lean,Jeff Jiang,Steve Cwodzinski,FALSE,36702,-0.0000091100000000,27048,SD
MN,MN-SD-49,D,D,Safe,TBA,Melisa Lopez Franzen,FALSE,39608,-0.0000010400000000,27049,SD
MN,MN-SD-50,D,D,Safe,Dean Wm Mumbleau,Melissa Halvorson Wiklund,FALSE,37118,-0.0000011100000000,27050,SD
MN,MN-SD-51,D,D,Safe,Douglas D. Willetts,Jim Carlson,FALSE,37445,-0.0000011000000000,27051,SD
MN,MN-SD-52,D,D,Safe,Tomas Settell,Matt Klein,FALSE,38111,-0.0000010800000000,27052,SD
MN,MN-SD-53,FALSE,D,Likely,Mary Giuliani Stephens,TBA,FALSE,38691,-0.0000041900000000,27053,SD
MN,MN-SD-54,D,D,Lean,Leilani Holmstadt,Karla Bigham,FALSE,38496,-0.0000086900000000,27054,SD
MN,MN-SD-55,R,R,Safe,Eric Pratt,Sahra Odowa,FALSE,37756,-0.0000011100000000,27055,SD
MN,MN-SD-56,R,FALSE,Toss-Up,Dan Hall,TBA,FALSE,38339,-0.0000158000000000,27056,SD
MN,MN-SD-57,D,D,Likely,Jose W. Jimenez,Greg Clausen,FALSE,38730,-0.0000041900000000,27057,SD
MN,MN-SD-58,D,FALSE,Toss-Up,Zach Duckworth,Matt Little,FALSE,37948,-0.0000159000000000,27058,SD
MN,MN-SD-59,FALSE,D,Safe,Paul Anderson,TBA,FALSE,39223,-0.0000010500000000,27059,SD
MN,MN-SD-61,D,D,Safe,Jennifer Zielinski,Scott Dibble,FALSE,43427,-0.0000009490000000,27061,SD
MN,MN-SD-62,FALSE,D,Safe,Bruce Lundeen,TBA,FALSE,33510,-0.0000012300000000,27062,SD
MN,MN-SD-63,D,D,Safe,Diane Napper,Patricia Torres Ray,Chris Wright,38698,-0.0000010700000000,27063,SD
MN,MN-SD-64,FALSE,D,Safe,Sharon Anderson,Erin Murphy,Patricia Jirovec McArdell,39229,-0.0000010500000000,27064,SD
MN,MN-SD-65,D,D,Safe,Paul Holmgren,Sandy Pappas,FALSE,36339,-0.0000011300000000,27065,SD
MN,MN-SD-66,D,D,Safe,Greg Copeland,John Marty,FALSE,37185,-0.0000011100000000,27066,SD
NC,NC-HD-1,R,R,Lean,Edward C. Goodwin,Emily Bunch Nicholson,FALSE,28963,0.0000010900000000,37001,HD
NC,NC-HD-2,R,R,Safe,Larry Yarborough,Cindy Deporter,FALSE,30313,0.0000001320000000,37002,HD
NC,NC-HD-3,FALSE,R,Safe,Steve Tyson,Dorothea Downing White,FALSE,28315,0.0000001410000000,37003,HD
NC,NC-HD-4,R,R,Safe,Jimmy Dixon,Christopher Schulte,FALSE,28561,0.0000001400000000,37004,HD
NC,NC-HD-5,FALSE,D,Safe,Donald Kirkland,Howard Hunter,FALSE,28704,0.0000000777000000,37005,HD
NC,NC-HD-6,R,R,Likely,Bobby Hanig,Tommy Fulcher,FALSE,30705,0.0000005080000000,37006,HD
NC,NC-HD-7,FALSE,R,Safe,Matthew Winslow,Phil Stover,FALSE,29637,0.0000001350000000,37007,HD
NC,NC-HD-8,D,D,Safe,Tony Moore,Kandie D. Smith,FALSE,30532,0.0000000730000000,37008,HD
NC,NC-HD-9,R,D,Tilt,Perrin Jones,Brian Farkas,FALSE,29664,0.0000011300000000,37009,HD
NC,NC-HD-10,R,R,Safe,John Bell,Carl Martin,FALSE,30646,0.0000001300000000,37010,HD
NC,NC-HD-11,D,D,Safe,Clark Pope,Allison Dahle,Adrian Lee Travers,32748,0.0000000681000000,37011,HD
NC,NC-HD-12,R,R,Safe,Chris Humphrey,Virginia Cox-Daugherty,FALSE,26847,0.0000001490000000,37012,HD
NC,NC-HD-13,R,R,Safe,Pat McElraft,Buck Bayliff,FALSE,31090,0.0000001280000000,37013,HD
NC,NC-HD-14,R,R,Safe,George Cleveland,Marcy Wofford,FALSE,29254,0.0000001370000000,37014,HD
NC,NC-HD-15,R,R,Safe,Phil Shepard,Carolyn F. Gomaa,FALSE,32711,0.0000001220000000,37015,HD
NC,NC-HD-16,R,R,Safe,Carson Smith,Debbi Fintak,FALSE,32338,0.0000001240000000,37016,HD
NC,NC-HD-17,R,R,Safe,Frank Iler,Tom Simmons,FALSE,37607,0.0000001060000000,37017,HD
NC,NC-HD-18,D,D,Safe,Warren Kennedy,Deb Butler,FALSE,34117,0.0000000653000000,37018,HD
NC,NC-HD-19,FALSE,R,Safe,Charlie Miller,Marcia Morgan,FALSE,32131,0.0000001240000000,37019,HD
NC,NC-HD-20,FALSE,R,Lean,Ted Davis,Adam Ericson,FALSE,34583,0.0000009150000000,37020,HD
NC,NC-HD-21,D,D,Likely,Brent Heath,Raymond Smith,FALSE,28808,0.0000003150000000,37021,HD
NC,NC-HD-22,R,R,Safe,William Brisson,Albert Kirby,FALSE,28453,0.0000001400000000,37022,HD
NC,NC-HD-23,D,D,Safe,Claiborne Holtzman,Shelly Willingham,Abbie Lane,28766,0.0000000775000000,37023,HD
NC,NC-HD-24,FALSE,D,Lean,Mick Rankin,Jean Farmer-Butterfield,FALSE,29252,0.0000006820000000,37024,HD
NC,NC-HD-25,D,D,Lean,John Check,James Gailliard,Nick Taylor,28949,0.0000006890000000,37025,HD
NC,NC-HD-26,R,R,Safe,Donna McDowell White,Linda Bennett,FALSE,32340,0.0000001230000000,37026,HD
NC,NC-HD-27,D,D,Safe,Warren Scott Nail,Michael Wray,FALSE,27861,0.0000000800000000,37027,HD
NC,NC-HD-28,R,R,Safe,Larry C. Strickland,Corey Stephens,FALSE,31341,0.0000001270000000,37028,HD
NC,NC-HD-30,D,D,Safe,FALSE,Marcia Morey,Gavin Bell,33377,0.0000000668000000,37030,HD
NC,NC-HD-31,D,D,Safe,Steven W. Sosebee,Zack Hawkins,Sean Haugh,32632,0.0000000683000000,37031,HD
NC,NC-HD-32,D,D,Safe,David Woodson,Terry E. Garrison,FALSE,30813,0.0000000723000000,37032,HD
NC,NC-HD-33,FALSE,D,Safe,Frann Sarpolus,Rosa Gill,Sammie Brooks,34936,0.0000000638000000,37033,HD
NC,NC-HD-34,D,D,Safe,Ronald L. Smith,Grier Martin,Michael C. Munger,30207,0.0000000738000000,37034,HD
NC,NC-HD-35,D,D,Lean,Fred Von Canon,Terence Everitt,Michael Nelson,34807,0.0000005730000000,37035,HD
NC,NC-HD-36,D,D,Likely,Kim Coley,Julie von Haefen,Bruce Basson,31669,0.0000002870000000,37036,HD
NC,NC-HD-37,D,FALSE,Toss-Up,Erin Pare,Sydney Batch,Liam Leaver,33135,0.0000013700000000,37037,HD
NC,NC-HD-38,FALSE,D,Safe,Kenneth Bagnal,Abe Jones,Richard Haygood,29496,0.0000000756000000,37038,HD
NC,NC-HD-40,D,D,Safe,Gerard Falzon,Joe John,FALSE,30611,0.0000000728000000,37040,HD
NC,NC-HD-41,D,D,Safe,Scott Populorum,Gale Adcock,Guy Meilleur,30663,0.0000000727000000,37041,HD
NC,NC-HD-42,D,D,Safe,Jon Blake,Marvin W. Lucas,FALSE,32210,0.0000000692000000,37042,HD
NC,NC-HD-43,FALSE,FALSE,Toss-Up,Diane Wheatley,Kimberly Hardy,FALSE,28463,0.0000016000000000,37043,HD
NC,NC-HD-44,D,D,Safe,Heather S. Holmes,Billy Richardson,FALSE,28470,0.0000000783000000,37044,HD
NC,NC-HD-45,R,FALSE,Toss-Up,John Szoka,Frances Vinell Jackson,FALSE,29886,0.0000015200000000,37045,HD
NC,NC-HD-46,R,R,Likely,Brenden H. Jones,Tim Heath,FALSE,28149,0.0000005540000000,37046,HD
NC,NC-HD-47,D,D,Likely,Olivia Oxendine,Charles Graham,FALSE,29669,0.0000003060000000,37047,HD
NC,NC-HD-48,D,D,Safe,Johnny H. Boyles,Garland E. Pierce,FALSE,31169,0.0000000715000000,37048,HD
NC,NC-HD-49,D,D,Safe,David Robertson,Cynthia Ball,Cap Hayes,34723,0.0000000642000000,37049,HD
NC,NC-HD-51,R,R,Lean,John Sauls,Jason Cain,FALSE,30377,0.0000010400000000,37051,HD
NC,NC-HD-52,R,R,Safe,Jamie Boles,Lowell Simon,FALSE,31514,0.0000001270000000,37052,HD
NC,NC-HD-53,R,R,Safe,David R. Lewis,Sally Weeks Benson,Zach Berly,33056,0.0000001210000000,37053,HD
NC,NC-HD-54,D,D,Safe,George T. Gilson,Robert T. Reives,FALSE,33224,0.0000000671000000,37054,HD
NC,NC-HD-55,R,R,Safe,Mark Brody,Gloria Harrington Overcash,FALSE,29430,0.0000001360000000,37055,HD
NC,NC-HD-57,D,D,Safe,Chris Meadows,Ashton Clemmons,FALSE,30397,0.0000000733000000,37057,HD
NC,NC-HD-58,D,D,Safe,Clinton Honey,Amos Quick,FALSE,29913,0.0000000745000000,37058,HD
NC,NC-HD-59,R,R,Lean,Jon Hardister,Nicole Quick,FALSE,31739,0.0000009970000000,37059,HD
NC,NC-HD-60,D,D,Safe,Frank Ragsdale,Cecil Brockman,FALSE,29948,0.0000000744000000,37060,HD
NC,NC-HD-62,R,R,Safe,John Faircloth,Brandon Gray,FALSE,31909,0.0000001250000000,37062,HD
NC,NC-HD-63,R,FALSE,Toss-Up,Stephen Ross,Ricky Hurtado,FALSE,28228,0.0000016100000000,37063,HD
NC,NC-HD-64,R,R,Safe,Dennis Riddell,Eric Henry,FALSE,29000,0.0000001380000000,37064,HD
NC,NC-HD-65,R,R,Safe,Jerry Carter,Amanda Joann Bell,FALSE,30791,0.0000001300000000,37065,HD
NC,NC-HD-66,D,R,Lean,Ben Moss,Scott T. Brewer,FALSE,29476,0.0000010700000000,37066,HD
NC,NC-HD-68,FALSE,R,Safe,David Willis,Ericka L. McKnight,FALSE,28359,0.0000001410000000,37068,HD
NC,NC-HD-69,R,R,Safe,Dean Arp,Pam De Maria,FALSE,27861,0.0000001430000000,37069,HD
NC,NC-HD-70,R,R,Safe,Pat B. Hurley,Susan Lee Scott,FALSE,26807,0.0000001490000000,37070,HD
NC,NC-HD-72,FALSE,D,Safe,Dan Lawlor,Amber Baker,FALSE,27232,0.0000000819000000,37072,HD
NC,NC-HD-73,R,R,Safe,Lee Zachary,William Stinson,FALSE,29195,0.0000001370000000,37073,HD
NC,NC-HD-74,FALSE,R,Tilt,Jeff Zenger,Dan Besse,FALSE,30246,0.0000014700000000,37074,HD
NC,NC-HD-75,R,R,Safe,Donny Lambeth,Elisabeth Motsinger,FALSE,31233,0.0000001280000000,37075,HD
NC,NC-HD-76,R,R,Safe,Harry Warren,Al Heggins,FALSE,30315,0.0000001320000000,37076,HD
NC,NC-HD-77,R,R,Safe,Julia Craven Howard,Barbara B. Howard,FALSE,31053,0.0000001290000000,37077,HD
NC,NC-HD-78,R,R,Safe,Allen Ray McNeill,Jim Meredith,FALSE,28810,0.0000001390000000,37078,HD
NC,NC-HD-79,R,R,Safe,Keith Kidwell,Nick Blount,FALSE,28285,0.0000001410000000,37079,HD
NC,NC-HD-80,FALSE,R,Safe,Sam Watford,Wendy Sellars,FALSE,29938,0.0000001330000000,37080,HD
NC,NC-HD-81,R,R,Safe,Larry W. Potts,Robert Lewis Jordan,FALSE,30641,0.0000001300000000,37081,HD
NC,NC-HD-82,FALSE,R,Tilt,Kristin Baker,Aimy Steele,FALSE,31581,0.0000014100000000,37082,HD
NC,NC-HD-83,R,R,Lean,Larry Pittman,Gail Young,FALSE,30064,0.0000010500000000,37083,HD
NC,NC-HD-84,R,R,Safe,Jeffrey C. McNeely,Gayle Wesley Harris,FALSE,30490,0.0000001310000000,37084,HD
NC,NC-HD-85,FALSE,R,Safe,Dudley Greene,Ted Remington,FALSE,30064,0.0000001330000000,37085,HD
NC,NC-HD-86,R,R,Safe,Hugh Blackwell,Cecelia Surratt,FALSE,30224,0.0000001320000000,37086,HD
NC,NC-HD-87,R,R,Safe,Destin Hall,Corie Schreiber,FALSE,31132,0.0000001280000000,37087,HD
NC,NC-HD-88,D,D,Safe,David Tondreau,Mary Belk,FALSE,30177,0.0000000739000000,37088,HD
NC,NC-HD-89,R,R,Safe,Mitchell Smith Setzer,Greg Cranford,FALSE,28569,0.0000001400000000,37089,HD
NC,NC-HD-90,R,R,Safe,Sarah Stevens,Beth Shaw,FALSE,30749,0.0000001300000000,37090,HD
NC,NC-HD-91,R,R,Safe,Kyle Hall,Rita Cruise,FALSE,30971,0.0000001290000000,37091,HD
NC,NC-HD-92,FALSE,D,Safe,Jerry Munden,Terry Brown,FALSE,30046,0.0000000742000000,37092,HD
NC,NC-HD-93,D,D,Tilt,Ray Pickett,Ray Russell,FALSE,33303,0.0000010100000000,37093,HD
NC,NC-HD-95,FALSE,R,Safe,Grey Mills,Amanda Brown Kotis,FALSE,31425,0.0000001270000000,37095,HD
NC,NC-HD-96,R,R,Safe,Jay Adams,Kim Bost,FALSE,28218,0.0000001420000000,37096,HD
NC,NC-HD-97,R,R,Safe,Jason R. Saine,Greg McBryde,FALSE,30685,0.0000001300000000,37097,HD
NC,NC-HD-98,D,FALSE,Toss-Up,John R. Bradford,Christy Clark,FALSE,30328,0.0000015000000000,37098,HD
NC,NC-HD-99,D,D,Safe,Russell Rowe,Nasif Majeed,FALSE,27730,0.0000000804000000,37099,HD
NC,NC-HD-100,D,D,Safe,Kalle Thompson,John Autry,FALSE,26089,0.0000000854000000,37100,HD
NC,NC-HD-101,D,D,Safe,Steve Mauney,Carolyn G. Logan,FALSE,32067,0.0000000695000000,37101,HD
NC,NC-HD-102,D,D,Safe,Kyle Kirby,Becky Carney,FALSE,26620,0.0000000837000000,37102,HD
NC,NC-HD-103,D,D,Lean,Bill Brawley,Rachel Hunt,FALSE,30683,0.0000006500000000,37103,HD
NC,NC-HD-104,D,D,Likely,Don Pomeroy,Brandon Lofton,FALSE,30362,0.0000002990000000,37104,HD
NC,NC-HD-105,FALSE,D,Likely,Amy Bynum,Wesley Harris,FALSE,28899,0.0000003140000000,37105,HD
NC,NC-HD-107,D,D,Safe,Richard Rivette,Kelly Alexander,FALSE,28887,0.0000000772000000,37107,HD
NC,NC-HD-108,R,R,Safe,John A. Torbett,Daniel Caudill,FALSE,29965,0.0000001330000000,37108,HD
NC,NC-HD-109,R,R,Safe,Dana Bumgardner,Susan Maxon,FALSE,28648,0.0000001390000000,37109,HD
NC,NC-HD-111,R,R,Safe,Tim Moore,Jennifer Childers,FALSE,28576,0.0000001400000000,37111,HD
NC,NC-HD-112,R,R,Safe,David Rogers,Ed Hallyburton,FALSE,30120,0.0000001330000000,37112,HD
NC,NC-HD-113,R,R,Safe,Jake Johnson,Sam Edney,FALSE,33293,0.0000001200000000,37113,HD
NC,NC-HD-114,D,D,Safe,Tim Hyatt,Susan C. Fisher,Lyndon John Smith,34721,0.0000000642000000,37114,HD
NC,NC-HD-115,D,D,Safe,Mark Crawford,John Ager,FALSE,32846,0.0000000679000000,37115,HD
NC,NC-HD-116,D,D,Safe,Eric Burns,Brian Turner,FALSE,30436,0.0000000732000000,37116,HD
NC,NC-HD-117,FALSE,R,Safe,Tim Moffitt,Josh Remillard,FALSE,31403,0.0000001270000000,37117,HD
NC,NC-HD-118,FALSE,R,Likely,Mark Pless,Alan Jones,FALSE,30564,0.0000005110000000,37118,HD
NC,NC-HD-119,FALSE,D,Tilt,Mike Clampitt,Joe Sam Queen,FALSE,31092,0.0000010800000000,37119,HD
NC,NC-HD-120,FALSE,R,Safe,Karl Gillespie,Susan Landis,FALSE,32025,0.0000001250000000,37120,HD
NC,NC-SD-1,R,R,Tilt,Bob Steinburg,Tess Judge,FALSE,75251,0.0000029100000000,37001,SD
NC,NC-SD-2,R,R,Safe,Norman W. Sanderson,Libbie Griffin,Tim Harris,71078,0.0000002730000000,37002,SD
NC,NC-SD-3,FALSE,D,Likely,Thomas S. Hester,Ernestine Bazemore,FALSE,66849,0.0000006850000000,37003,SD
NC,NC-SD-4,D,D,Safe,Sammy Davis Webb,Milton F. Fitch,FALSE,68956,0.0000001630000000,37004,SD
NC,NC-SD-5,D,D,Safe,Karen Kozel,Don Davis,FALSE,73651,0.0000001530000000,37005,SD
NC,NC-SD-6,FALSE,R,Safe,Michael Lazzara,Ike Johnson,FALSE,74901,0.0000002590000000,37006,SD
NC,NC-SD-7,R,R,Tilt,Jim Perry,Donna Lake,FALSE,64311,0.0000034000000000,37007,SD
NC,NC-SD-8,R,R,Safe,Bill Rabon,David Sink,"Anthony Mascolo, Ethan Bickley",87477,0.0000002220000000,37008,SD
NC,NC-SD-9,D,FALSE,Toss-Up,Michael Lee,Harper Peterson,FALSE,85361,0.0000026300000000,37009,SD
NC,NC-SD-10,R,R,Safe,Brent Jackson,Vernon R. Moore,FALSE,63490,0.0000003050000000,37010,SD
NC,NC-SD-11,FALSE,R,Lean,Lisa Barnes,Allen Wellons,FALSE,72748,0.0000021200000000,37011,SD
NC,NC-SD-12,R,R,Safe,Jim Burgin,John Kirkman,FALSE,69509,0.0000002790000000,37012,SD
NC,NC-SD-13,R,R,Safe,Danny Earl Britt,Barbara Yates-Lockamy,FALSE,68349,0.0000002840000000,37013,SD
NC,NC-SD-14,D,D,Safe,Alan David Michael,Dan Blue,Justin Walczak,71638,0.0000001570000000,37014,SD
NC,NC-SD-15,D,D,Safe,Mario J. Lomuscio,Jay J. Chaudhuri,Kat McDonald,80935,0.0000001390000000,37015,SD
NC,NC-SD-16,D,D,Safe,Will Marsh,Wiley Nickel,FALSE,77240,0.0000001460000000,37016,SD
NC,NC-SD-17,D,D,Lean,Mark Cavaliero,Sam Searcy,Travis Groo,71973,0.0000013900000000,37017,SD
NC,NC-SD-18,FALSE,D,Tilt,Larry Norman,Sarah Crawford,Jason Loeback,77124,0.0000021600000000,37018,SD
NC,NC-SD-19,D,FALSE,Toss-Up,Wesley Meredith,Kirk DeViere,FALSE,66674,0.0000033600000000,37019,SD
NC,NC-SD-20,FALSE,D,Safe,John Tarantino,Natalie Murdock,FALSE,72511,0.0000001550000000,37020,SD
NC,NC-SD-21,D,D,Safe,Sev Palacios,Ben Clark,FALSE,70350,0.0000001600000000,37021,SD
NC,NC-SD-22,D,D,Safe,Rick Padgett,Mike Woodard,Ray Ubinger,70111,0.0000001600000000,37022,SD
NC,NC-SD-23,D,D,Safe,Tom Glendinning,Valerie P. Foushee,FALSE,77208,0.0000001460000000,37023,SD
NC,NC-SD-24,FALSE,R,Tilt,Amy S. Galey,J.D. Wooten,FALSE,75925,0.0000028800000000,37024,SD
NC,NC-SD-25,FALSE,R,Safe,Tom McInnis,Helen Probst Mills,FALSE,75644,0.0000002560000000,37025,SD
NC,NC-SD-26,FALSE,R,Safe,Jerry W. Tillman,Jane Ledwell Gant,FALSE,69953,0.0000002770000000,37026,SD
NC,NC-SD-27,D,D,Lean,Sebastian King,Michael Garrett,FALSE,74045,0.0000013500000000,37027,SD
NC,NC-SD-28,D,D,Safe,D.R. King,Gladys A. Robinson,FALSE,74472,0.0000001510000000,37028,SD
NC,NC-SD-29,FALSE,R,Safe,Steven Jarvis,Duskin Lassiter,FALSE,70170,0.0000002760000000,37029,SD
NC,NC-SD-30,R,R,Safe,Phil E. Berger,Wally White,FALSE,74536,0.0000002600000000,37030,SD
NC,NC-SD-31,R,R,Likely,Joyce Krawiec,Terri Elizabeth LeGrand,FALSE,76542,0.0000009920000000,37031,SD
NC,NC-SD-32,D,D,Safe,Ven Challa,Paul Lowe,FALSE,70128,0.0000001600000000,37032,SD
NC,NC-SD-33,R,R,Safe,Carl Ford,Tarsha Ellis,FALSE,74477,0.0000002600000000,37033,SD
NC,NC-SD-34,R,R,Safe,Vickie Sawyer,Barry Templeton,FALSE,75885,0.0000002560000000,37034,SD
NC,NC-SD-35,R,R,Safe,Todd Johnson,Jose Santiago,FALSE,71179,0.0000002720000000,37035,SD
NC,NC-SD-36,R,R,Safe,Paul Newton,Marcus J. Singleton,FALSE,73712,0.0000002630000000,37036,SD
NC,NC-SD-37,D,D,Safe,Sonja P. Nichols,Jeff Jackson,Jeff Scott,70717,0.0000001590000000,37037,SD
NC,NC-SD-38,D,D,Safe,Jack W. Brosch,Mujtaba Mohammed,FALSE,69780,0.0000001610000000,37038,SD
NC,NC-SD-39,FALSE,D,Safe,Joshua Niday,DeAndrea Salvador,FALSE,72353,0.0000001550000000,37039,SD
NC,NC-SD-40,D,D,Safe,Bobbie Shields,Joyce Waddell,FALSE,63196,0.0000001780000000,37040,SD
NC,NC-SD-41,D,D,Safe,FALSE,Natasha Marcus,Christopher Cole,73969,0.0000001520000000,37041,SD
NC,NC-SD-42,FALSE,R,Safe,H. Dean Proctor,Tina R. Miles,FALSE,70912,0.0000002740000000,37042,SD
NC,NC-SD-43,R,R,Safe,Kathy Harrington,William Young,FALSE,75666,0.0000002560000000,37043,SD
NC,NC-SD-44,R,R,Safe,Ted Alexander,David Lee Lattimore,FALSE,71152,0.0000002730000000,37044,SD
NC,NC-SD-45,R,R,Safe,Deanna Ballard,Jeanne Supin,FALSE,77437,0.0000002500000000,37045,SD
NC,NC-SD-46,R,R,Safe,Warren Daniel,Michael Barrick,FALSE,72972,0.0000002660000000,37046,SD
NC,NC-SD-47,R,R,Safe,Ralph Hise,David Brian Wheeler,FALSE,72232,0.0000002690000000,37047,SD
NC,NC-SD-48,R,R,Safe,Chuck Edwards,Brian Caskey,FALSE,74546,0.0000002600000000,37048,SD
NC,NC-SD-49,FALSE,D,Safe,Bob Penland,Julie Mayfield,FALSE,79914,0.0000001410000000,37049,SD
NC,NC-SD-50,FALSE,R,Safe,Kevin Corbin,Victoria Fox,Clifton Ingram,78251,0.0000002480000000,37050,SD
NV,NV-HD-2,FALSE,FALSE,Toss-Up,TBA,TBA,Garrett LeDuff,24556,-0.0000001620000000,32002,HD
NV,NV-HD-4,D,D,Tilt,TBA,Connie Munk,FALSE,27680,-0.0000002560000000,32004,HD
NV,NV-HD-5,D,D,Likely,TBA,Brittney Miller,FALSE,22638,-0.0000005290000000,32005,HD
NV,NV-HD-6,FALSE,D,Safe,TBA,Shondra Summers-Armstrong,FALSE,14469,-0.0000004230000000,32006,HD
NV,NV-HD-7,FALSE,D,Safe,Tony Palmer,TBA,FALSE,19996,-0.0000003060000000,32007,HD
NV,NV-HD-8,D,D,Safe,Eddie Facey,Jason Frierson,FALSE,24329,-0.0000002510000000,32008,HD
NV,NV-HD-9,D,D,Safe,Barbara Altman,Steve Yeager,FALSE,27286,-0.0000002240000000,32009,HD
NV,NV-HD-10,FALSE,D,Safe,Chris Hisgen,TBA,Jonathan Friedrich,18829,-0.0000003250000000,32010,HD
NV,NV-HD-11,R,D,Safe,Eric Krattiger,Beatrice Duran,FALSE,13329,-0.0000004590000000,32011,HD
NV,NV-HD-12,D,D,Safe,Jeremy Graves,Susan Martinez,John Cardiff Gerhardt,23755,-0.0000002570000000,32012,HD
NV,NV-HD-14,FALSE,D,Safe,FALSE,TBA,Robert Wayerski,17891,-0.0000003420000000,32014,HD
NV,NV-HD-15,FALSE,D,Safe,Stan Vaughan,TBA,FALSE,18790,-0.0000003260000000,32015,HD
NV,NV-HD-16,FALSE,D,Safe,Reyna Sajdak,TBA,FALSE,18418,-0.0000003320000000,32016,HD
NV,NV-HD-17,FALSE,D,Safe,TBA,Claire Thomas,FALSE,24071,-0.0000002540000000,32017,HD
NV,NV-HD-21,FALSE,D,Likely,Cherlyn Arrington,TBA,FALSE,24103,-0.0000004960000000,32021,HD
NV,NV-HD-23,R,R,Safe,Glen Leavitt,Brent Foutz,Bill Hoge,28500,-0.0000000043900000,32023,HD
NV,NV-HD-26,R,R,Safe,Lisa Krasner,Dale Conner,FALSE,25137,-0.0000000049800000,32026,HD
NV,NV-HD-27,D,D,Safe,Barb Hawn,Teresa Benitez-Thompson,FALSE,22820,-0.0000002680000000,32027,HD
NV,NV-HD-28,D,D,Safe,FALSE,Edgar Flores,Natasha Bousley,14041,-0.0000004360000000,32028,HD
NV,NV-HD-29,D,D,Lean,TBA,Lesley Cohen,Bruce Newman,25787,-0.0000004050000000,32029,HD
NV,NV-HD-30,FALSE,D,Safe,Randy Moff,TBA,Charlene Young,22264,-0.0000002750000000,32030,HD
NV,NV-HD-31,D,D,Lean,TBA,Skip Daly,FALSE,24814,-0.0000004210000000,32031,HD
NV,NV-HD-32,FALSE,R,Safe,Alexis Hansen,Paula Povilaitis,FALSE,23347,-0.0000000053600000,32032,HD
NV,NV-HD-34,D,D,Safe,Jay Thomas Carlson,Shannon Bilbray-Axelrod,FALSE,22507,-0.0000002720000000,32034,HD
NV,NV-HD-35,D,D,Likely,TBA,Michelle Gorelow,Phil Paleracio,29233,-0.0000004090000000,32035,HD
NV,NV-HD-37,D,D,Tilt,TBA,Shea Backus,FALSE,26156,-0.0000002710000000,32037,HD
NV,NV-HD-39,R,R,Safe,Jim Wheeler,Deborah Chang,Dave Jones,25240,-0.0000000049600000,32039,HD
NV,NV-HD-40,FALSE,R,Safe,TBA,TBA,FALSE,23507,-0.0000000053300000,32040,HD
NV,NV-HD-41,D,D,Likely,Erika Smith,Sandra Jauregui,Victoria DaCosta,27643,-0.0000004330000000,32041,HD
NV,NV-HD-42,FALSE,D,Safe,FALSE,Alexander Assefa,"Liz Delsignore, SM Zaidi",21399,-0.0000002860000000,32042,HD
NV,NV-SD-4,FALSE,D,Safe,Esper M. Hickman,Dina Neal,FALSE,34464,-0.0000018900000000,32004,SD
NV,NV-SD-5,FALSE,D,Tilt,TBA,Kristee Watson,Tim Hagan,49891,-0.0000011700000000,32005,SD
NV,NV-SD-6,D,D,Lean,April Becker,Nicole Cannizzaro,FALSE,48662,-0.0000016600000000,32006,SD
NV,NV-SD-11,D,D,Safe,Joshua Dowden,Dallas Harris,FALSE,45728,-0.0000014200000000,32011,SD
NV,NV-SD-15,R,R,Lean,Heidi S. Gansert,Wendy Jauregui-Jackins,Catana Barnes,48583,-0.0000002150000000,32015,SD
NV,NV-SD-18,R,R,Likely,Scott Hammond,TBA,FALSE,52294,-0.0000000862000000,32018,SD
NV,NV-SD-19,FALSE,R,Safe,Pete Goicoechea,FALSE,Tiffany Seeback,51481,-0.0000000223000000,32019,SD
